-- phpMyAdmin SQL Dump
-- version 5.0.4
-- https://www.phpmyadmin.net/
--
-- Anamakine: 127.0.0.1
-- Üretim Zamanı: 04 Haz 2021, 22:20:22
-- Sunucu sürümü: 10.4.17-MariaDB
-- PHP Sürümü: 7.3.27

SET SQL_MODE = "NO_AUTO_VALUE_ON_ZERO";
START TRANSACTION;
SET time_zone = "+00:00";


/*!40101 SET @OLD_CHARACTER_SET_CLIENT=@@CHARACTER_SET_CLIENT */;
/*!40101 SET @OLD_CHARACTER_SET_RESULTS=@@CHARACTER_SET_RESULTS */;
/*!40101 SET @OLD_COLLATION_CONNECTION=@@COLLATION_CONNECTION */;
/*!40101 SET NAMES utf8mb4 */;

--
-- Veritabanı: `c2c`
--

-- --------------------------------------------------------

--
-- Tablo için tablo yapısı `ayar`
--

CREATE TABLE `ayar` (
  `ayar_id` int(11) NOT NULL,
  `ayar_logo` varchar(250) COLLATE utf8_turkish_ci NOT NULL,
  `ayar_url` varchar(50) COLLATE utf8_turkish_ci NOT NULL,
  `ayar_title` varchar(250) COLLATE utf8_turkish_ci NOT NULL,
  `ayar_description` varchar(250) COLLATE utf8_turkish_ci NOT NULL,
  `ayar_keywords` varchar(50) COLLATE utf8_turkish_ci NOT NULL,
  `ayar_author` varchar(50) COLLATE utf8_turkish_ci NOT NULL,
  `ayar_tel` varchar(50) COLLATE utf8_turkish_ci NOT NULL,
  `ayar_gsm` varchar(50) COLLATE utf8_turkish_ci NOT NULL,
  `ayar_faks` varchar(50) COLLATE utf8_turkish_ci NOT NULL,
  `ayar_mail` varchar(50) COLLATE utf8_turkish_ci NOT NULL,
  `ayar_ilce` varchar(50) COLLATE utf8_turkish_ci NOT NULL,
  `ayar_il` varchar(50) COLLATE utf8_turkish_ci NOT NULL,
  `ayar_adres` varchar(250) COLLATE utf8_turkish_ci NOT NULL,
  `ayar_mesai` varchar(250) COLLATE utf8_turkish_ci NOT NULL,
  `ayar_maps` varchar(250) COLLATE utf8_turkish_ci NOT NULL,
  `ayar_analystic` varchar(50) COLLATE utf8_turkish_ci NOT NULL,
  `ayar_zopim` varchar(250) COLLATE utf8_turkish_ci NOT NULL,
  `ayar_facebook` varchar(50) COLLATE utf8_turkish_ci NOT NULL,
  `ayar_twitter` varchar(50) COLLATE utf8_turkish_ci NOT NULL,
  `ayar_google` varchar(50) COLLATE utf8_turkish_ci NOT NULL,
  `ayar_youtube` varchar(50) COLLATE utf8_turkish_ci NOT NULL,
  `ayar_smtphost` varchar(50) COLLATE utf8_turkish_ci NOT NULL,
  `ayar_smtpuser` varchar(50) COLLATE utf8_turkish_ci NOT NULL,
  `ayar_smtppassword` varchar(50) COLLATE utf8_turkish_ci NOT NULL,
  `ayar_smtpport` varchar(50) COLLATE utf8_turkish_ci NOT NULL,
  `ayar_bakim` enum('0','1') COLLATE utf8_turkish_ci NOT NULL DEFAULT '1'
) ENGINE=InnoDB DEFAULT CHARSET=utf8 COLLATE=utf8_turkish_ci;

--
-- Tablo döküm verisi `ayar`
--

INSERT INTO `ayar` (`ayar_id`, `ayar_logo`, `ayar_url`, `ayar_title`, `ayar_description`, `ayar_keywords`, `ayar_author`, `ayar_tel`, `ayar_gsm`, `ayar_faks`, `ayar_mail`, `ayar_ilce`, `ayar_il`, `ayar_adres`, `ayar_mesai`, `ayar_maps`, `ayar_analystic`, `ayar_zopim`, `ayar_facebook`, `ayar_twitter`, `ayar_google`, `ayar_youtube`, `ayar_smtphost`, `ayar_smtpuser`, `ayar_smtppassword`, `ayar_smtpport`, `ayar_bakim`) VALUES
(0, 'dimg/27840gırgırr2.png', 'https://gelisim.edu.tr', 'GırGır', 'Gelişim Üniversitesi', 'Social, media, gelişim üniversitesi, php, learning', 'GırGır Production v2.1', '0212 000 00 00', '0212 000 00 00', '0212 000 00 00', 'info@girgir.com', 'İstanbul', 'İstanbul', 'İstanbul', 'yok', 'yok', 'ayar_analystic', 'yok', 'http://www.facebook.com', 'http://www.twitter.com', 'http://www.google.com', 'http://www.youtube.com', 'mail.girgir.com.tr', 'info@girgir.com', 'password', '25', '1');

-- --------------------------------------------------------

--
-- Tablo için tablo yapısı `etkinlik`
--

CREATE TABLE `etkinlik` (
  `etkinlik_id` int(11) NOT NULL,
  `etkinlik_baslik` varchar(70) COLLATE utf8_turkish_ci NOT NULL,
  `etkinlik_foto` varchar(500) COLLATE utf8_turkish_ci NOT NULL DEFAULT 'dimg/etkinlikvarsayilan.png',
  `il_id` int(11) NOT NULL,
  `ilce_id` int(11) NOT NULL,
  `etkinlik_aciklama` varchar(250) COLLATE utf8_turkish_ci NOT NULL,
  `etkinlik_adres` varchar(250) COLLATE utf8_turkish_ci NOT NULL,
  `kullanici_id` int(11) NOT NULL,
  `etkinlik_tarih` date NOT NULL
) ENGINE=InnoDB DEFAULT CHARSET=utf8 COLLATE=utf8_turkish_ci;

--
-- Tablo döküm verisi `etkinlik`
--

INSERT INTO `etkinlik` (`etkinlik_id`, `etkinlik_baslik`, `etkinlik_foto`, `il_id`, `ilce_id`, `etkinlik_aciklama`, `etkinlik_adres`, `kullanici_id`, `etkinlik_tarih`) VALUES
(47, 'Ceza Khontkar ve Neşet Baba Konseri', 'dimg/etkinlikfoto/konser.png', 60, 339, 'Türkçe Rap ve Halk Ozanının muhteşem performansına davetlisiniz.', 'Erbaa Stadyumu', 176, '2021-05-30'),
(53, 'Yazılımcılar Buluşması', 'dimg/etkinlikfoto/yazilim.png', 34, 113, 'FrontEnd Developer meeting', 'Bahçelievler Cumhuriyet Meydanı', 173, '2021-06-29'),
(54, 'Villa Partisi', 'dimg/etkinlikfoto/havuz.png', 34, 777, 'Doğum Günü Partime Beklerimm :)', 'Sarıyer Altınkum Plajının Karşısı', 173, '2021-12-16'),
(172, 'Halı Saha', 'dimg/etkinlikfoto/halisaha.png', 1, 196, 'AdanaDemirSpor ile Karşılaşacağımız maça Sağlam bir kaleci aramaktayız.', 'Adana Ceyhan Telekom Stadyumu', 172, '2021-06-02'),
(173, 'Güldür Güldür Show ', 'dimg/etkinlikfoto/tiyatro.png', 23, 812, 'Güldür Güldür Show için fazladan 3 biletim var gelmek isteyen arkadaşları bekliyorum', 'Sivrice Kültür Sanat Merkezi', 175, '2021-05-31'),
(174, 'das', 'dimg/etkinlikfoto/asdd.png', 3, 170, 'dasdas', 'sadda', 173, '2021-06-18'),
(175, 'civciv şenliği', 'dimg/etkinlikfoto/31511civciv.png', 7, 791, 'civciv güzellik yarışması', 'serik meydan', 176, '2021-04-30'),
(176, 'Kitap kulübü', 'dimg/etkinlikfoto/25871books-1655783__340.jpg', 34, 858, 'Merkez kütüphane kafesi', 'meydan', 178, '2021-10-31'),
(177, 'Elektronikçiler buluşması', 'dimg/etkinlikfoto/30085unnamed.jpg', 6, 806, 'Elektronik başlangıcı için güzel bir etkinlik', 'Maker studio', 179, '2021-07-11');

-- --------------------------------------------------------

--
-- Tablo için tablo yapısı `etkinlik_katilan`
--

CREATE TABLE `etkinlik_katilan` (
  `etkinlik_id` int(11) NOT NULL,
  `kullanici_id` int(11) NOT NULL
) ENGINE=InnoDB DEFAULT CHARSET=utf8 COLLATE=utf8_turkish_ci;

--
-- Tablo döküm verisi `etkinlik_katilan`
--

INSERT INTO `etkinlik_katilan` (`etkinlik_id`, `kullanici_id`) VALUES
(53, 173),
(47, 173),
(53, 173),
(53, 173),
(53, 173),
(50, 173),
(54, 173),
(54, 173),
(54, 173),
(54, 173),
(54, 173),
(54, 173),
(54, 173),
(54, 173),
(54, 173),
(54, 173),
(54, 173),
(54, 173),
(54, 173),
(54, 173),
(54, 173),
(54, 173),
(54, 173),
(54, 173),
(54, 173),
(54, 173),
(54, 173),
(54, 173),
(54, 173),
(54, 173),
(54, 173),
(172, 173),
(172, 173),
(173, 173),
(172, 173),
(172, 173),
(172, 173),
(173, 173),
(173, 173),
(47, 173),
(54, 173),
(53, 173),
(54, 178),
(54, 178),
(54, 178),
(176, 178),
(176, 178),
(176, 178),
(175, 178),
(176, 178),
(176, 172),
(54, 172),
(174, 172),
(172, 172),
(172, 172),
(47, 172),
(54, 172),
(175, 172),
(172, 172),
(47, 172),
(173, 172),
(54, 172),
(176, 172),
(53, 172),
(54, 172),
(174, 172),
(176, 179),
(176, 179),
(175, 179),
(175, 179),
(176, 179),
(54, 179),
(177, 179),
(54, 179);

-- --------------------------------------------------------

--
-- Tablo için tablo yapısı `hakkimizda`
--

CREATE TABLE `hakkimizda` (
  `hakkimizda_id` int(11) NOT NULL,
  `hakkimizda_baslik` varchar(250) COLLATE utf8_turkish_ci NOT NULL,
  `hakkimizda_icerik` text COLLATE utf8_turkish_ci NOT NULL,
  `hakkimizda_video` varchar(50) COLLATE utf8_turkish_ci NOT NULL,
  `hakkimizda_vizyon` varchar(500) COLLATE utf8_turkish_ci NOT NULL,
  `hakkimizda_misyon` varchar(500) COLLATE utf8_turkish_ci NOT NULL
) ENGINE=InnoDB DEFAULT CHARSET=utf8 COLLATE=utf8_turkish_ci;

--
-- Tablo döküm verisi `hakkimizda`
--

INSERT INTO `hakkimizda` (`hakkimizda_id`, `hakkimizda_baslik`, `hakkimizda_icerik`, `hakkimizda_video`, `hakkimizda_vizyon`, `hakkimizda_misyon`) VALUES
(0, 'GırGır Activity', '<p><strong>Lorem ipsum dolor sit amet, consectetur adipiscing elit.</strong> Phasellus viverra viverra eros, eu laoreet leo iaculis vehicula. Nunc pretium volutpat neque, finibus fermentum neque pretium vel. In hac habitasse platea dictumst. Phasellus ipsum lacus, vehicula et fringilla a, dapibus ac mi. Nulla orci tortor, fringilla eget magna in, dictum consequat lectus. Sed tincidunt purus nec erat scelerisque pretium. Aliquam vehicula lacus vel lacus varius egestas.</p><p>Vivamus eget euismod mi. Pellentesque et bibendum libero. Aliquam ullamcorper felis id nisl fermentum fringilla. Curabitur egestas condimentum lacus ut ornare. Donec vitae libero sagittis, pharetra massa ut, aliquam tellus. Proin luctus ex orci, nec pretium purus ultrices id. Nulla facilisi. Donec convallis pellentesque mauris. Suspendisse potenti. Ut viverra ex ante, vel tincidunt massa pellentesque et. Aenean rutrum ut ex facilisis vestibulum. Mauris est nibh, auctor quis efficitur et, pellentesque eu metus.</p><p>Sed auctor maximus nunc ut cursus. Sed ultrices lectus eu turpis tincidunt, id dignissim nisl mattis. Sed in risus justo. Fusce et eleifend elit. Donec sit amet sapien accumsan, ornare diam ut, pellentesque dui. Maecenas ut molestie mauris. Curabitur imperdiet enim ut feugiat vulputate. Quisque dictum dolor a risus facilisis, eu bibendum dolor aliquam. Mauris vestibulum leo mauris, sit amet blandit erat suscipit nec.</p><p>Nam facilisis sem vitae sem cursus, non ultrices dolor ullamcorper. Donec tortor massa, convallis eu tortor ornare, ornare sollicitudin tellus. Pellentesque quis interdum neque. Praesent elementum mauris sit amet nibh scelerisque bibendum. Maecenas aliquet metus lacinia elit bibendum volutpat. Vivamus eget augue eu quam consectetur venenatis. Proin rhoncus, tellus vitae tempor efficitur, eros orci maximus odio, eu rutrum sapien arcu non nisl. Donec egestas mauris eu nisl faucibus, ullamcorper dictum urna efficitur. Aliquam eu velit nisi. Etiam vitae nisi massa. Etiam a auctor felis.</p><p>Vestibulum sem erat, venenatis at blandit in, mollis ut mauris. Donec vitae neque venenatis ante fermentum auctor vel at quam. Orci varius natoque penatibus et magnis dis parturient montes, nascetur ridiculus mus. Etiam ut auctor lectus, at egestas odio. Donec vestibulum nunc vitae porttitor scelerisque. Aenean non erat facilisis, finibus ex eu, commodo nulla. Pellentesque ornare, sem sit amet laoreet efficitur, sapien enim facilisis nibh, vel imperdiet nunc eros id libero. Suspendisse potenti. Nullam nec fringilla nibh. Duis sed ex a eros interdum faucibus. Duis viverra quis sem ut accumsan.</p>', 'Girgir', 'GırGır Activity', 'GırGır Activity');

-- --------------------------------------------------------

--
-- Tablo için tablo yapısı `il`
--

CREATE TABLE `il` (
  `il_id` int(11) NOT NULL,
  `il_ad` varchar(50) COLLATE utf8_turkish_ci NOT NULL
) ENGINE=InnoDB DEFAULT CHARSET=utf8 COLLATE=utf8_turkish_ci;

--
-- Tablo döküm verisi `il`
--

INSERT INTO `il` (`il_id`, `il_ad`) VALUES
(1, 'Adana'),
(2, 'Adıyaman'),
(3, 'Afyonkarahisar'),
(4, 'Ağrı'),
(5, 'Amasya'),
(6, 'Ankara'),
(7, 'Antalya'),
(8, 'Artvin'),
(9, 'Aydın'),
(10, 'Balıkesir'),
(11, 'Bilecik'),
(12, 'Bingöl'),
(13, 'Bitlis'),
(14, 'Bolu'),
(15, 'Burdur'),
(16, 'Bursa'),
(17, 'Çanakkale'),
(18, 'Çankırı'),
(19, 'Çorum'),
(20, 'Denizli'),
(21, 'Diyarbakır'),
(22, 'Edirne'),
(23, 'Elâzığ'),
(24, 'Erzincan'),
(25, 'Erzurum'),
(26, 'Eskişehir'),
(27, 'Gaziantep'),
(28, 'Giresun'),
(29, 'Gümüşhane'),
(30, 'Hakkâri'),
(31, 'Hatay'),
(32, 'Isparta'),
(33, 'Mersin'),
(34, 'İstanbul'),
(35, 'İzmir'),
(36, 'Kars'),
(37, 'Kastamonu'),
(38, 'Kayseri'),
(39, 'Kırklareli'),
(40, 'Kırşehir'),
(41, 'Kocaeli'),
(42, 'Konya'),
(43, 'Kütahya'),
(44, 'Malatya'),
(45, 'Manisa'),
(46, 'Kahramanmaraş'),
(47, 'Mardin'),
(48, 'Muğla'),
(49, 'Muş'),
(50, 'Nevşehir'),
(51, 'Niğde'),
(52, 'Ordu'),
(53, 'Rize'),
(54, 'Sakarya'),
(55, 'Samsun'),
(56, 'Siirt'),
(57, 'Sinop'),
(58, 'Sivas'),
(59, 'Tekirdağ'),
(60, 'Tokat'),
(61, 'Trabzon'),
(62, 'Tunceli'),
(63, 'Şanlıurfa'),
(64, 'Uşak'),
(65, 'Van'),
(66, 'Yozgat'),
(67, 'Zonguldak'),
(68, 'Aksaray'),
(69, 'Bayburt'),
(70, 'Karaman'),
(71, 'Kırıkkale'),
(72, 'Batman'),
(73, 'Şırnak'),
(74, 'Bartın'),
(75, 'Ardahan'),
(76, 'Iğdır'),
(77, 'Yalova'),
(78, 'Karabük'),
(79, 'Kilis'),
(80, 'Osmaniye'),
(81, 'Düzce');

-- --------------------------------------------------------

--
-- Tablo için tablo yapısı `ilce`
--

CREATE TABLE `ilce` (
  `ilce_id` int(11) NOT NULL,
  `ilce_ad` varchar(50) COLLATE utf8_turkish_ci NOT NULL,
  `il_id` int(11) NOT NULL
) ENGINE=InnoDB DEFAULT CHARSET=utf8 COLLATE=utf8_turkish_ci;

--
-- Tablo döküm verisi `ilce`
--

INSERT INTO `ilce` (`ilce_id`, `ilce_ad`, `il_id`) VALUES
(1, 'Abana', 37),
(2, 'Acıgöl', 50),
(3, 'Acıpayam', 20),
(4, 'Adaklı', 12),
(5, 'Adalar', 34),
(6, 'Adapazarı', 54),
(7, 'Adıyaman', 2),
(8, 'Adilcevaz', 13),
(9, 'Afşin', 46),
(10, 'Afyonkarahisar', 3),
(11, 'Ağaçören', 68),
(12, 'Ağın', 23),
(13, 'Ağlasun', 15),
(14, 'Ağlı', 37),
(15, 'Ağrı', 4),
(16, 'Ahırlı', 42),
(17, 'Ahlat', 13),
(18, 'Ahmetli', 45),
(19, 'Akçaabat', 61),
(20, 'Akçadağ', 44),
(21, 'Akçakale', 63),
(22, 'Akçakent', 40),
(23, 'Akçakoca', 81),
(24, 'Akdağmadeni', 66),
(25, 'Akdeniz', 33),
(26, 'Akhisar', 45),
(27, 'Akıncılar', 58),
(28, 'Akkışla', 38),
(29, 'Akkuş', 52),
(30, 'Akören', 42),
(31, 'Akpınar', 40),
(32, 'Aksaray', 68),
(33, 'Akseki', 7),
(34, 'Aksu', 7),
(35, 'Aksu', 32),
(36, 'Akşehir', 42),
(37, 'Akyaka', 36),
(38, 'Akyazı', 54),
(39, 'Akyurt', 6),
(40, 'Alaca', 19),
(41, 'Alacakaya', 23),
(42, 'Alaçam', 55),
(43, 'Aladağ', 1),
(44, 'Alanya', 7),
(45, 'Alaplı', 67),
(46, 'Alaşehir', 45),
(47, 'Aliağa', 35),
(48, 'Almus', 60),
(49, 'Alpu', 26),
(50, 'Altıeylül', 10),
(51, 'Altındağ', 6),
(52, 'Altınekin', 42),
(53, 'Altınordu', 52),
(54, 'Altınova', 77),
(55, 'Altınözü', 31),
(56, 'Altıntaş', 43),
(57, 'Altınyayla', 15),
(58, 'Altınyayla', 58),
(59, 'Altunhisar', 51),
(60, 'Alucra', 28),
(61, 'Amasra', 74),
(62, 'Amasya', 5),
(63, 'Anamur', 33),
(64, 'Andırın', 46),
(65, 'Antakya', 31),
(66, 'Araban', 27),
(67, 'Araç', 37),
(68, 'Araklı', 61),
(69, 'Aralık', 76),
(70, 'Arapgir', 44),
(71, 'Ardahan', 75),
(72, 'Ardanuç', 8),
(73, 'Ardeşen', 53),
(74, 'Arguvan', 44),
(75, 'Arhavi', 8),
(76, 'Arıcak', 23),
(77, 'Arifiye', 54),
(78, 'Armutlu', 77),
(79, 'Arnavutköy', 34),
(80, 'Arpaçay', 36),
(81, 'Arsin', 61),
(82, 'Arsuz', 31),
(83, 'Artova', 60),
(84, 'Artuklu', 47),
(85, 'Artvin', 8),
(86, 'Asarcık', 55),
(87, 'Aslanapa', 43),
(88, 'Aşkale', 25),
(89, 'Atabey', 32),
(90, 'Atakum', 55),
(91, 'Ataşehir', 34),
(92, 'Atkaracalar', 18),
(93, 'Avanos', 50),
(94, 'Avcılar', 34),
(95, 'Ayancık', 57),
(96, 'Ayaş', 6),
(97, 'Aybastı', 52),
(98, 'Aydıncık', 33),
(99, 'Aydıncık', 66),
(100, 'Aydıntepe', 69),
(101, 'Ayrancı', 70),
(102, 'Ayvacık', 17),
(103, 'Ayvacık', 55),
(104, 'Ayvalık', 10),
(105, 'Azdavay', 37),
(106, 'Aziziye', 25),
(107, 'Babadağ', 20),
(108, 'Babaeski', 39),
(109, 'Bafra', 55),
(110, 'Bağcılar', 34),
(111, 'Bağlar', 21),
(112, 'Bahçe', 80),
(113, 'Bahçelievler', 34),
(114, 'Bahçesaray', 65),
(115, 'Bahşili', 71),
(116, 'Bakırköy', 34),
(117, 'Baklan', 20),
(118, 'Bala', 6),
(119, 'Balçova', 35),
(120, 'Balışeyh', 71),
(121, 'Balya', 10),
(122, 'Banaz', 64),
(123, 'Bandırma', 10),
(124, 'Bartın', 74),
(125, 'Baskil', 23),
(126, 'Başakşehir', 34),
(127, 'Başçiftlik', 60),
(128, 'Başiskele', 41),
(129, 'Başkale', 65),
(130, 'Başmakçı', 3),
(131, 'Başyayla', 70),
(132, 'Batman', 72),
(133, 'Battalgazi', 44),
(134, 'Bayat', 3),
(135, 'Bayat', 19),
(136, 'Bayburt', 69),
(137, 'Bayındır', 35),
(138, 'Baykan', 56),
(139, 'Bayraklı', 35),
(140, 'Bayramiç', 17),
(141, 'Bayramören', 18),
(142, 'Bayrampaşa', 34),
(143, 'Bekilli', 20),
(144, 'Belen', 31),
(145, 'Bergama', 35),
(146, 'Besni', 2),
(147, 'Beşikdüzü', 61),
(148, 'Beşiktaş', 34),
(149, 'Beşiri', 72),
(150, 'Beyağaç', 20),
(151, 'Beydağ', 35),
(152, 'Beykoz', 34),
(153, 'Beylikdüzü', 34),
(154, 'Beylikova', 26),
(155, 'Beyoğlu', 34),
(156, 'Beypazarı', 6),
(157, 'Beyşehir', 42),
(158, 'Beytüşşebap', 73),
(159, 'Biga', 17),
(160, 'Bigadiç', 10),
(161, 'Bilecik', 11),
(162, 'Bingöl', 12),
(163, 'Birecik', 63),
(164, 'Bismil', 21),
(165, 'Bitlis', 13),
(166, 'Bodrum', 48),
(167, 'Boğazkale', 19),
(168, 'Boğazlıyan', 66),
(169, 'Bolu', 14),
(170, 'Bolvadin', 3),
(171, 'Bor', 51),
(172, 'Borçka', 8),
(173, 'Bornova', 35),
(174, 'Boyabat', 57),
(175, 'Bozcaada', 17),
(176, 'Bozdoğan', 9),
(177, 'Bozkır', 42),
(178, 'Bozkurt', 20),
(179, 'Bozkurt', 37),
(180, 'Bozova', 63),
(181, 'Boztepe', 40),
(182, 'Bozüyük', 11),
(183, 'Bozyazı', 33),
(184, 'Buca', 35),
(185, 'Bucak', 15),
(186, 'Buharkent', 9),
(187, 'Bulancak', 28),
(188, 'Bulanık', 49),
(189, 'Buldan', 20),
(190, 'Burdur', 15),
(191, 'Burhaniye', 10),
(192, 'Bünyan', 38),
(193, 'Büyükçekmece', 34),
(194, 'Büyükorhan', 16),
(195, 'Canik', 55),
(196, 'Ceyhan', 1),
(197, 'Ceylanpınar', 63),
(198, 'Cide', 37),
(199, 'Cihanbeyli', 42),
(200, 'Cizre', 73),
(201, 'Cumayeri', 81),
(202, 'Çağlayancerit', 46),
(203, 'Çal', 20),
(204, 'Çaldıran', 65),
(205, 'Çamardı', 51),
(206, 'Çamaş', 52),
(207, 'Çameli', 20),
(208, 'Çamlıdere', 6),
(209, 'Çamlıhemşin', 53),
(210, 'Çamlıyayla', 33),
(211, 'Çamoluk', 28),
(212, 'Çan', 17),
(213, 'Çanakçı', 28),
(214, 'Çanakkale', 17),
(215, 'Çandır', 66),
(216, 'Çankaya', 6),
(217, 'Çankırı', 18),
(218, 'Çardak', 20),
(219, 'Çarşamba', 55),
(220, 'Çarşıbaşı', 61),
(221, 'Çat', 25),
(222, 'Çatak', 65),
(223, 'Çatalca', 34),
(224, 'Çatalpınar', 52),
(225, 'Çatalzeytin', 37),
(226, 'Çavdarhisar', 43),
(227, 'Çavdır', 15),
(228, 'Çay', 3),
(229, 'Çaybaşı', 52),
(230, 'Çaycuma', 67),
(231, 'Çayeli', 53),
(232, 'Çayıralan', 66),
(233, 'Çayırlı', 24),
(234, 'Çayırova', 41),
(235, 'Çaykara', 61),
(236, 'Çekerek', 66),
(237, 'Çekmeköy', 34),
(238, 'Çelebi', 71),
(239, 'Çelikhan', 2),
(240, 'Çeltik', 42),
(241, 'Çeltikçi', 15),
(242, 'Çemişgezek', 62),
(243, 'Çerkeş', 18),
(244, 'Çerkezköy', 59),
(245, 'Çermik', 21),
(246, 'Çeşme', 35),
(247, 'Çıldır', 75),
(248, 'Çınar', 21),
(249, 'Çınarcık', 77),
(250, 'Çiçekdağı', 40),
(251, 'Çifteler', 26),
(252, 'Çiftlik', 51),
(253, 'Çiftlikköy', 77),
(254, 'Çiğli', 35),
(255, 'Çilimli', 81),
(256, 'Çine', 9),
(257, 'Çivril', 20),
(258, 'Çobanlar', 3),
(259, 'Çorlu', 59),
(260, 'Çorum', 19),
(261, 'Çubuk', 6),
(262, 'Çukurca', 30),
(263, 'Çukurova', 1),
(264, 'Çumra', 42),
(265, 'Çüngüş', 21),
(266, 'Daday', 37),
(267, 'Dalaman', 48),
(268, 'Damal', 75),
(269, 'Darende', 44),
(270, 'Dargeçit', 47),
(271, 'Darıca', 41),
(272, 'Datça', 48),
(273, 'Dazkırı', 3),
(274, 'Defne', 31),
(275, 'Delice', 71),
(276, 'Demirci', 45),
(277, 'Demirköy', 39),
(278, 'Demirözü', 69),
(279, 'Demre', 7),
(280, 'Derbent', 42),
(281, 'Derebucak', 42),
(282, 'Dereli', 28),
(283, 'Derepazarı', 53),
(284, 'Derik', 47),
(285, 'Derince', 41),
(286, 'Derinkuyu', 50),
(287, 'Dernekpazarı', 61),
(288, 'Develi', 38),
(289, 'Devrek', 67),
(290, 'Devrekani', 37),
(291, 'Dicle', 21),
(292, 'Didim', 9),
(293, 'Digor', 36),
(294, 'Dikili', 35),
(295, 'Dikmen', 57),
(296, 'Dilovası', 41),
(297, 'Dinar', 3),
(298, 'Divriği', 58),
(299, 'Diyadin', 4),
(300, 'Dodurga', 19),
(301, 'Doğanhisar', 42),
(302, 'Doğankent', 28),
(303, 'Doğanşar', 58),
(304, 'Doğanşehir', 44),
(305, 'Doğanyol', 44),
(306, 'Doğanyurt', 37),
(307, 'Doğubayazıt', 4),
(308, 'Domaniç', 43),
(309, 'Dörtdivan', 14),
(310, 'Dörtyol', 31),
(311, 'Döşemealtı', 7),
(312, 'Dulkadiroğlu', 46),
(313, 'Dumlupınar', 43),
(314, 'Durağan', 57),
(315, 'Dursunbey', 10),
(316, 'Düzce', 81),
(317, 'Düziçi', 80),
(318, 'Düzköy', 61),
(319, 'Eceabat', 17),
(320, 'Edirne', 22),
(321, 'Edremit', 10),
(322, 'Edremit', 65),
(323, 'Efeler', 9),
(324, 'Eflani', 78),
(325, 'Eğil', 21),
(326, 'Eğirdir', 32),
(327, 'Ekinözü', 46),
(328, 'Elazığ', 23),
(329, 'Elbeyli', 79),
(330, 'Elbistan', 46),
(331, 'Eldivan', 18),
(332, 'Eleşkirt', 4),
(333, 'Elmadağ', 6),
(334, 'Elmalı', 7),
(335, 'Emet', 43),
(336, 'Emirdağ', 3),
(337, 'Emirgazi', 42),
(338, 'Enez', 22),
(339, 'Erbaa', 60),
(340, 'Erciş', 65),
(341, 'Erdek', 10),
(342, 'Erdemli', 33),
(343, 'Ereğli', 42),
(344, 'Ereğli', 67),
(345, 'Erenler', 54),
(346, 'Erfelek', 57),
(347, 'Ergani', 21),
(348, 'Ergene', 59),
(349, 'Ermenek', 70),
(350, 'Eruh', 56),
(351, 'Erzin', 31),
(352, 'Erzincan', 24),
(353, 'Esenler', 34),
(354, 'Esenyurt', 34),
(355, 'Eskil', 68),
(356, 'Eskipazar', 78),
(357, 'Espiye', 28),
(358, 'Eşme', 64),
(359, 'Etimesgut', 6),
(360, 'Evciler', 3),
(361, 'Evren', 6),
(362, 'Eynesil', 28),
(363, 'Eyüp', 34),
(364, 'Eyyübiye', 63),
(365, 'Ezine', 17),
(366, 'Fatih', 34),
(367, 'Fatsa', 52),
(368, 'Feke', 1),
(369, 'Felahiye', 38),
(370, 'Ferizli', 54),
(371, 'Fethiye', 48),
(372, 'Fındıklı', 53),
(373, 'Finike', 7),
(374, 'Foça', 35),
(375, 'Gaziemir', 35),
(376, 'Gaziosmanpaşa', 34),
(377, 'Gazipaşa', 7),
(378, 'Gebze', 41),
(379, 'Gediz', 43),
(380, 'Gelendost', 32),
(381, 'Gelibolu', 17),
(382, 'Gemerek', 58),
(383, 'Gemlik', 16),
(384, 'Genç', 12),
(385, 'Gercüş', 72),
(386, 'Gerede', 14),
(387, 'Gerger', 2),
(388, 'Germencik', 9),
(389, 'Gerze', 57),
(390, 'Gevaş', 65),
(391, 'Geyve', 54),
(392, 'Giresun', 28),
(393, 'Gökçeada', 17),
(394, 'Gökçebey', 67),
(395, 'Göksun', 46),
(396, 'Gölbaşı', 2),
(397, 'Gölbaşı', 6),
(398, 'Gölcük', 41),
(399, 'Göle', 75),
(400, 'Gölhisar', 15),
(401, 'Gölköy', 52),
(402, 'Gölmarmara', 45),
(403, 'Gölova', 58),
(404, 'Gölpazarı', 11),
(405, 'Gölyaka', 81),
(406, 'Gömeç', 10),
(407, 'Gönen', 10),
(408, 'Gönen', 32),
(409, 'Gördes', 45),
(410, 'Görele', 28),
(411, 'Göynücek', 5),
(412, 'Göynük', 14),
(413, 'Güce', 28),
(414, 'Güçlükonak', 73),
(415, 'Güdül', 6),
(416, 'Gülağaç', 68),
(417, 'Gülnar', 33),
(418, 'Gülşehir', 50),
(419, 'Gülyalı', 52),
(420, 'Gümüşhacıköy', 5),
(421, 'Gümüşhane', 29),
(422, 'Gümüşova', 81),
(423, 'Gündoğmuş', 7),
(424, 'Güney', 20),
(425, 'Güneysınır', 42),
(426, 'Güneysu', 53),
(427, 'Güngören', 34),
(428, 'Günyüzü', 26),
(429, 'Gürgentepe', 52),
(430, 'Güroymak', 13),
(431, 'Gürpınar', 65),
(432, 'Gürsu', 16),
(433, 'Gürün', 58),
(434, 'Güzelbahçe', 35),
(435, 'Güzelyurt', 68),
(436, 'Hacıbektaş', 50),
(437, 'Hacılar', 38),
(438, 'Hadim', 42),
(439, 'Hafik', 58),
(440, 'Hakkâri', 30),
(441, 'Halfeti', 63),
(442, 'Haliliye', 63),
(443, 'Halkapınar', 42),
(444, 'Hamamözü', 5),
(445, 'Hamur', 4),
(446, 'Han', 26),
(447, 'Hanak', 75),
(448, 'Hani', 21),
(449, 'Hanönü', 37),
(450, 'Harmancık', 16),
(451, 'Harran', 63),
(452, 'Hasanbeyli', 80),
(453, 'Hasankeyf', 72),
(454, 'Hasköy', 49),
(455, 'Hassa', 31),
(456, 'Havran', 10),
(457, 'Havsa', 22),
(458, 'Havza', 55),
(459, 'Haymana', 6),
(460, 'Hayrabolu', 59),
(461, 'Hayrat', 61),
(462, 'Hazro', 21),
(463, 'Hekimhan', 44),
(464, 'Hemşin', 53),
(465, 'Hendek', 54),
(466, 'Hınıs', 25),
(467, 'Hilvan', 63),
(468, 'Hisarcık', 43),
(469, 'Hizan', 13),
(470, 'Hocalar', 3),
(471, 'Honaz', 20),
(472, 'Hopa', 8),
(473, 'Horasan', 25),
(474, 'Hozat', 62),
(475, 'Hüyük', 42),
(476, 'Iğdır', 76),
(477, 'Ilgaz', 18),
(478, 'Ilgın', 42),
(479, 'Isparta', 32),
(480, 'İbradı', 7),
(481, 'İdil', 73),
(482, 'İhsangazi', 37),
(483, 'İhsaniye', 3),
(484, 'İkizce', 52),
(485, 'İkizdere', 53),
(486, 'İliç', 24),
(487, 'İlkadım', 55),
(488, 'İmamoğlu', 1),
(489, 'İmranlı', 58),
(490, 'İncesu', 38),
(491, 'İncirliova', 9),
(492, 'İnebolu', 37),
(493, 'İnegöl', 16),
(494, 'İnhisar', 11),
(495, 'İnönü', 26),
(496, 'İpekyolu', 65),
(497, 'İpsala', 22),
(498, 'İscehisar', 3),
(499, 'İskenderun', 31),
(500, 'İskilip', 19),
(501, 'İslahiye', 27),
(502, 'İspir', 25),
(503, 'İvrindi', 10),
(504, 'İyidere', 53),
(505, 'İzmit', 41),
(506, 'İznik', 16),
(507, 'Kabadüz', 52),
(508, 'Kabataş', 52),
(509, 'Kadıköy', 34),
(510, 'Kadınhanı', 42),
(511, 'Kadışehri', 66),
(512, 'Kadirli', 80),
(513, 'Kağıthane', 34),
(514, 'Kağızman', 36),
(515, 'Kahta', 2),
(516, 'Kale', 20),
(517, 'Kale', 44),
(518, 'Kalecik', 6),
(519, 'Kalkandere', 53),
(520, 'Kaman', 40),
(521, 'Kandıra', 41),
(522, 'Kangal', 58),
(523, 'Kapaklı', 59),
(524, 'Karabağlar', 35),
(525, 'Karaburun', 35),
(526, 'Karabük', 78),
(527, 'Karacabey', 16),
(528, 'Karacasu', 9),
(529, 'Karaçoban', 25),
(530, 'Karahallı', 64),
(531, 'Karaisalı', 1),
(532, 'Karakeçili', 71),
(533, 'Karakoçan', 23),
(534, 'Karakoyunlu', 76),
(535, 'Karaköprü', 63),
(536, 'Karaman', 70),
(537, 'Karamanlı', 15),
(538, 'Karamürsel', 41),
(539, 'Karapınar', 42),
(540, 'Karapürçek', 54),
(541, 'Karasu', 54),
(542, 'Karataş', 1),
(543, 'Karatay', 42),
(544, 'Karayazı', 25),
(545, 'Karesi', 10),
(546, 'Kargı', 19),
(547, 'Karkamış', 27),
(548, 'Karlıova', 12),
(549, 'Karpuzlu', 9),
(550, 'Kars', 36),
(551, 'Karşıyaka', 35),
(552, 'Kartal', 34),
(553, 'Kartepe', 41),
(554, 'Kastamonu', 37),
(555, 'Kaş', 7),
(556, 'Kavak', 55),
(557, 'Kavaklıdere', 48),
(558, 'Kayapınar', 21),
(559, 'Kaynarca', 54),
(560, 'Kaynaşlı', 81),
(561, 'Kazan', 6),
(562, 'Kazımkarabekir', 70),
(563, 'Keban', 23),
(564, 'Keçiborlu', 32),
(565, 'Keçiören', 6),
(566, 'Keles', 16),
(567, 'Kelkit', 29),
(568, 'Kemah', 24),
(569, 'Kemaliye', 24),
(570, 'Kemalpaşa', 35),
(571, 'Kemer', 7),
(572, 'Kemer', 15),
(573, 'Kepez', 7),
(574, 'Kepsut', 10),
(575, 'Keskin', 71),
(576, 'Kestel', 16),
(577, 'Keşan', 22),
(578, 'Keşap', 28),
(579, 'Kıbrıscık', 14),
(580, 'Kınık', 35),
(581, 'Kırıkhan', 31),
(582, 'Kırıkkale', 71),
(583, 'Kırkağaç', 45),
(584, 'Kırklareli', 39),
(585, 'Kırşehir', 40),
(586, 'Kızılcahamam', 6),
(587, 'Kızılırmak', 18),
(588, 'Kızılören', 3),
(589, 'Kızıltepe', 47),
(590, 'Kiğı', 12),
(591, 'Kilimli', 67),
(592, 'Kilis', 79),
(593, 'Kiraz', 35),
(594, 'Kocaali', 54),
(595, 'Kocaköy', 21),
(596, 'Kocasinan', 38),
(597, 'Koçarlı', 9),
(598, 'Kofçaz', 39),
(599, 'Konak', 35),
(600, 'Konyaaltı', 7),
(601, 'Korgan', 52),
(602, 'Korgun', 18),
(603, 'Korkut', 49),
(604, 'Korkuteli', 7),
(605, 'Kovancılar', 23),
(606, 'Koyulhisar', 58),
(607, 'Kozaklı', 50),
(608, 'Kozan', 1),
(609, 'Kozlu', 67),
(610, 'Kozluk', 72),
(611, 'Köprübaşı', 45),
(612, 'Köprübaşı', 61),
(613, 'Köprüköy', 25),
(614, 'Körfez', 41),
(615, 'Köse', 29),
(616, 'Köşk', 9),
(617, 'Köyceğiz', 48),
(618, 'Kula', 45),
(619, 'Kulp', 21),
(620, 'Kulu', 42),
(621, 'Kuluncak', 44),
(622, 'Kumlu', 31),
(623, 'Kumluca', 7),
(624, 'Kumru', 52),
(625, 'Kurşunlu', 18),
(626, 'Kurtalan', 56),
(627, 'Kurucaşile', 74),
(628, 'Kuşadası', 9),
(629, 'Kuyucak', 9),
(630, 'Küçükçekmece', 34),
(631, 'Küre', 37),
(632, 'Kürtün', 29),
(633, 'Kütahya', 43),
(634, 'Laçin', 19),
(635, 'Ladik', 55),
(636, 'Lalapaşa', 22),
(637, 'Lapseki', 17),
(638, 'Lice', 21),
(639, 'Lüleburgaz', 39),
(640, 'Maçka', 61),
(641, 'Maden', 23),
(642, 'Mahmudiye', 26),
(643, 'Malazgirt', 49),
(644, 'Malkara', 59),
(645, 'Maltepe', 34),
(646, 'Mamak', 6),
(647, 'Manavgat', 7),
(648, 'Manyas', 10),
(649, 'Marmara', 10),
(650, 'Marmaraereğlisi', 59),
(651, 'Marmaris', 48),
(652, 'Mazgirt', 62),
(653, 'Mazıdağı', 47),
(654, 'Mecitözü', 19),
(655, 'Melikgazi', 38),
(656, 'Menderes', 35),
(657, 'Menemen', 35),
(658, 'Mengen', 14),
(659, 'Menteşe', 48),
(660, 'Meram', 42),
(661, 'Meriç', 22),
(662, 'Merkezefendi', 20),
(663, 'Merzifon', 5),
(664, 'Mesudiye', 52),
(665, 'Mezitli', 33),
(666, 'Midyat', 47),
(667, 'Mihalgazi', 26),
(668, 'Mihalıççık', 26),
(669, 'Milas', 48),
(670, 'Mucur', 40),
(671, 'Mudanya', 16),
(672, 'Mudurnu', 14),
(673, 'Muradiye', 65),
(674, 'Muratlı', 59),
(675, 'Muratpaşa', 7),
(676, 'Murgul', 8),
(677, 'Musabeyli', 79),
(678, 'Mustafakemalpaşa', 16),
(679, 'Muş', 49),
(680, 'Mut', 33),
(681, 'Mutki', 13),
(682, 'Nallıhan', 6),
(683, 'Narlıdere', 35),
(684, 'Narman', 25),
(685, 'Nazımiye', 62),
(686, 'Nazilli', 9),
(687, 'Nevşehir', 50),
(688, 'Niğde', 51),
(689, 'Niksar', 60),
(690, 'Nilüfer', 16),
(691, 'Nizip', 27),
(692, 'Nurdağı', 27),
(693, 'Nurhak', 46),
(694, 'Nusaybin', 47),
(695, 'Odunpazarı', 26),
(696, 'Of', 61),
(697, 'Oğuzeli', 27),
(698, 'Oğuzlar', 19),
(699, 'Oltu', 25),
(700, 'Olur', 25),
(701, 'Ondokuzmayıs', 55),
(702, 'Onikişubat', 46),
(703, 'Orhaneli', 16),
(704, 'Orhangazi', 16),
(705, 'Orta', 18),
(706, 'Ortaca', 48),
(707, 'Ortahisar', 61),
(708, 'Ortaköy', 68),
(709, 'Ortaköy', 19),
(710, 'Osmancık', 19),
(711, 'Osmaneli', 11),
(712, 'Osmangazi', 16),
(713, 'Osmaniye', 80),
(714, 'Otlukbeli', 24),
(715, 'Ovacık', 78),
(716, 'Ovacık', 62),
(717, 'Ödemiş', 35),
(718, 'Ömerli', 47),
(719, 'Özalp', 65),
(720, 'Özvatan', 38),
(721, 'Palandöken', 25),
(722, 'Palu', 23),
(723, 'Pamukkale', 20),
(724, 'Pamukova', 54),
(725, 'Pasinler', 25),
(726, 'Patnos', 4),
(727, 'Payas', 31),
(728, 'Pazar', 53),
(729, 'Pazar', 60),
(730, 'Pazarcık', 46),
(731, 'Pazarlar', 43),
(732, 'Pazaryeri', 11),
(733, 'Pazaryolu', 25),
(734, 'Pehlivanköy', 39),
(735, 'Pendik', 34),
(736, 'Perşembe', 52),
(737, 'Pertek', 62),
(738, 'Pervari', 56),
(739, 'Pınarbaşı', 37),
(740, 'Pınarbaşı', 38),
(741, 'Pınarhisar', 39),
(742, 'Piraziz', 28),
(743, 'Polateli', 79),
(744, 'Polatlı', 6),
(745, 'Posof', 75),
(746, 'Pozantı', 1),
(747, 'Pursaklar', 6),
(748, 'Pülümür', 62),
(749, 'Pütürge', 44),
(750, 'Refahiye', 24),
(751, 'Reşadiye', 60),
(752, 'Reyhanlı', 31),
(753, 'Rize', 53),
(754, 'Safranbolu', 78),
(755, 'Saimbeyli', 1),
(756, 'Salıpazarı', 55),
(757, 'Salihli', 45),
(758, 'Samandağ', 31),
(759, 'Samsat', 2),
(760, 'Sancaktepe', 34),
(761, 'Sandıklı', 3),
(762, 'Sapanca', 54),
(763, 'Saray', 59),
(764, 'Saray', 65),
(765, 'Saraydüzü', 57),
(766, 'Saraykent', 66),
(767, 'Sarayköy', 20),
(768, 'Sarayönü', 42),
(769, 'Sarıcakaya', 26),
(770, 'Sarıçam', 1),
(771, 'Sarıgöl', 45),
(772, 'Sarıkamış', 36),
(773, 'Sarıkaya', 66),
(774, 'Sarıoğlan', 38),
(775, 'Sarıveliler', 70),
(776, 'Sarıyahşi', 68),
(777, 'Sarıyer', 34),
(778, 'Sarız', 38),
(779, 'Saruhanlı', 45),
(780, 'Sason', 72),
(781, 'Savaştepe', 10),
(782, 'Savur', 47),
(783, 'Seben', 14),
(784, 'Seferihisar', 35),
(785, 'Selçuk', 35),
(786, 'Selçuklu', 42),
(787, 'Selendi', 45),
(788, 'Selim', 36),
(789, 'Senirkent', 32),
(790, 'Serdivan', 54),
(791, 'Serik', 7),
(792, 'Serinhisar', 20),
(793, 'Seydikemer', 48),
(794, 'Seydiler', 37),
(795, 'Seydişehir', 42),
(796, 'Seyhan', 1),
(797, 'Seyitgazi', 26),
(798, 'Sındırgı', 10),
(799, 'Siirt', 56),
(800, 'Silifke', 33),
(801, 'Silivri', 34),
(802, 'Silopi', 73),
(803, 'Silvan', 21),
(804, 'Simav', 43),
(805, 'Sinanpaşa', 3),
(806, 'Sincan', 6),
(807, 'Sincik', 2),
(808, 'Sinop', 57),
(809, 'Sivas', 58),
(810, 'Sivaslı', 64),
(811, 'Siverek', 63),
(812, 'Sivrice', 23),
(813, 'Sivrihisar', 26),
(814, 'Solhan', 12),
(815, 'Soma', 45),
(816, 'Sorgun', 66),
(817, 'Söğüt', 11),
(818, 'Söğütlü', 54),
(819, 'Söke', 9),
(820, 'Sulakyurt', 71),
(821, 'Sultanbeyli', 34),
(822, 'Sultandağı', 3),
(823, 'Sultangazi', 34),
(824, 'Sultanhisar', 9),
(825, 'Suluova', 5),
(826, 'Sulusaray', 60),
(827, 'Sumbas', 80),
(828, 'Sungurlu', 19),
(829, 'Sur', 21),
(830, 'Suruç', 63),
(831, 'Susurluk', 10),
(832, 'Susuz', 36),
(833, 'Suşehri', 58),
(834, 'Süleymanpaşa', 59),
(835, 'Süloğlu', 22),
(836, 'Sürmene', 61),
(837, 'Sütçüler', 32),
(838, 'Şabanözü', 18),
(839, 'Şahinbey', 27),
(840, 'Şalpazarı', 61),
(841, 'Şaphane', 43),
(842, 'Şarkışla', 58),
(843, 'Şarkikaraağaç', 32),
(844, 'Şarköy', 59),
(845, 'Şavşat', 8),
(846, 'Şebinkarahisar', 28),
(847, 'Şefaatli', 66),
(848, 'Şehitkamil', 27),
(849, 'Şehzadeler', 45),
(850, 'Şemdinli', 30),
(851, 'Şenkaya', 25),
(852, 'Şenpazar', 37),
(853, 'Şereflikoçhisar', 6),
(854, 'Şırnak', 73),
(855, 'Şile', 34),
(856, 'Şiran', 29),
(857, 'Şirvan', 56),
(858, 'Şişli', 34),
(859, 'Şuhut', 3),
(860, 'Talas', 38),
(861, 'Taraklı', 54),
(862, 'Tarsus', 33),
(863, 'Taşkent', 42),
(864, 'Taşköprü', 37),
(865, 'Taşlıçay', 4),
(866, 'Taşova', 5),
(867, 'Tatvan', 13),
(868, 'Tavas', 20),
(869, 'Tavşanlı', 43),
(870, 'Tefenni', 15),
(871, 'Tekkeköy', 55),
(872, 'Tekman', 25),
(873, 'Tepebaşı', 26),
(874, 'Tercan', 24),
(875, 'Termal', 77),
(876, 'Terme', 55),
(877, 'Tillo', 56),
(878, 'Tire', 35),
(879, 'Tirebolu', 28),
(880, 'Tokat', 60),
(881, 'Tomarza', 38),
(882, 'Tonya', 61),
(883, 'Toprakkale', 80),
(884, 'Torbalı', 35),
(885, 'Toroslar', 33),
(886, 'Tortum', 25),
(887, 'Torul', 29),
(888, 'Tosya', 37),
(889, 'Tufanbeyli', 1),
(890, 'Tunceli', 62),
(891, 'Turgutlu', 45),
(892, 'Turhal', 60),
(893, 'Tuşba', 65),
(894, 'Tut', 2),
(895, 'Tutak', 4),
(896, 'Tuzla', 34),
(897, 'Tuzluca', 76),
(898, 'Tuzlukçu', 42),
(899, 'Türkeli', 57),
(900, 'Türkoğlu', 46),
(901, 'Uğurludağ', 19),
(902, 'Ula', 48),
(903, 'Ulaş', 58),
(904, 'Ulubey', 52),
(905, 'Ulubey', 64),
(906, 'Uluborlu', 32),
(907, 'Uludere', 73),
(908, 'Ulukışla', 51),
(909, 'Ulus', 74),
(910, 'Urla', 35),
(911, 'Uşak', 64),
(912, 'Uzundere', 25),
(913, 'Uzunköprü', 22),
(914, 'Ümraniye', 34),
(915, 'Ünye', 52),
(916, 'Ürgüp', 50),
(917, 'Üsküdar', 34),
(918, 'Üzümlü', 24),
(919, 'Vakfıkebir', 61),
(920, 'Varto', 49),
(921, 'Vezirköprü', 55),
(922, 'Viranşehir', 63),
(923, 'Vize', 39),
(924, 'Yağlıdere', 28),
(925, 'Yahşihan', 71),
(926, 'Yahyalı', 38),
(927, 'Yakakent', 55),
(928, 'Yakutiye', 25),
(929, 'Yalıhüyük', 42),
(930, 'Yalova', 77),
(931, 'Yalvaç', 32),
(932, 'Yapraklı', 18),
(933, 'Yatağan', 48),
(934, 'Yavuzeli', 27),
(935, 'Yayladağı', 31),
(936, 'Yayladere', 12),
(937, 'Yazıhan', 44),
(938, 'Yedisu', 12),
(939, 'Yenice', 17),
(940, 'Yenice', 78),
(941, 'Yeniçağa', 14),
(942, 'Yenifakılı', 66),
(943, 'Yenimahalle', 6),
(944, 'Yenipazar', 9),
(945, 'Yenipazar', 11),
(946, 'Yenişarbademli', 32),
(947, 'Yenişehir', 16),
(948, 'Yenişehir', 21),
(949, 'Yenişehir', 33),
(950, 'Yerköy', 66),
(951, 'Yeşilhisar', 38),
(952, 'Yeşilli', 47),
(953, 'Yeşilova', 15),
(954, 'Yeşilyurt', 44),
(955, 'Yeşilyurt', 60),
(956, 'Yığılca', 81),
(957, 'Yıldırım', 16),
(958, 'Yıldızeli', 58),
(959, 'Yomra', 61),
(960, 'Yozgat', 66),
(961, 'Yumurtalık', 1),
(962, 'Yunak', 42),
(963, 'Yunusemre', 45),
(964, 'Yusufeli', 8),
(965, 'Yüksekova', 30),
(966, 'Yüreğir', 1),
(967, 'Zara', 58),
(968, 'Zeytinburnu', 34),
(969, 'Zile', 60),
(970, 'Zonguldak', 67),
(971, 'Kemalpaşa', 8),
(972, 'Sultanhanı', 68);

-- --------------------------------------------------------

--
-- Tablo için tablo yapısı `i̇l_ilce`
--

CREATE TABLE `i̇l_ilce` (
  `id` int(11) NOT NULL,
  `plaka` int(11) NOT NULL,
  `il` varchar(50) COLLATE utf8mb4_turkish_ci NOT NULL,
  `ilce` varchar(50) COLLATE utf8mb4_turkish_ci NOT NULL
) ENGINE=InnoDB DEFAULT CHARSET=utf8mb4 COLLATE=utf8mb4_turkish_ci;

--
-- Tablo döküm verisi `i̇l_ilce`
--

INSERT INTO `i̇l_ilce` (`id`, `plaka`, `il`, `ilce`) VALUES
(3, 1, 'ADANA', 'ALADAĞ'),
(4, 1, 'ADANA', 'CEYHAN'),
(5, 1, 'ADANA', 'ÇUKUROVA'),
(6, 1, 'ADANA', 'FEKE'),
(7, 1, 'ADANA', 'İMAMOĞLU'),
(8, 1, 'ADANA', 'KARAİSALI'),
(9, 1, 'ADANA', 'KARATAŞ'),
(10, 1, 'ADANA', 'KOZAN'),
(11, 1, 'ADANA', 'POZANTI'),
(12, 1, 'ADANA', 'SAİMBEYLİ'),
(13, 1, 'ADANA', 'SARIÇAM'),
(14, 1, 'ADANA', 'SEYHAN'),
(15, 1, 'ADANA', 'TUFANBEYLİ'),
(16, 1, 'ADANA', 'YUMURTALIK'),
(17, 1, 'ADANA', 'YÜREĞİR'),
(18, 2, 'ADIYAMAN', 'BESNİ'),
(19, 2, 'ADIYAMAN', 'ÇELİKHAN'),
(20, 2, 'ADIYAMAN', 'GERGER'),
(21, 2, 'ADIYAMAN', 'GÖLBAŞI'),
(22, 2, 'ADIYAMAN', 'KAHTA'),
(23, 2, 'ADIYAMAN', 'MERKEZ'),
(24, 2, 'ADIYAMAN', 'SAMSAT'),
(25, 2, 'ADIYAMAN', 'SİNCİK'),
(26, 2, 'ADIYAMAN', 'TUT'),
(27, 3, 'AFYON', 'BAŞMAKÇI'),
(28, 3, 'AFYON', 'BAYAT'),
(29, 3, 'AFYON', 'BOLVADİN'),
(30, 3, 'AFYON', 'ÇAY'),
(31, 3, 'AFYON', 'ÇOBANLAR'),
(32, 3, 'AFYON', 'DAZKIRI'),
(33, 3, 'AFYON', 'DİNAR'),
(34, 3, 'AFYON', 'EMİRDAĞ'),
(35, 3, 'AFYON', 'EVCİLER'),
(36, 3, 'AFYON', 'HOCALAR'),
(37, 3, 'AFYON', 'İHSANİYE'),
(38, 3, 'AFYON', 'İSCEHİSAR'),
(39, 3, 'AFYON', 'KIZILÖREN'),
(40, 3, 'AFYON', 'MERKEZ'),
(41, 3, 'AFYON', 'SANDIKLI'),
(42, 3, 'AFYON', 'SİNANPAŞA'),
(43, 3, 'AFYON', 'SULTANDAĞI'),
(44, 3, 'AFYON', 'ŞUHUT'),
(45, 4, 'AĞRI', 'DİYADİN'),
(46, 4, 'AĞRI', 'DOĞUBAYAZIT'),
(47, 4, 'AĞRI', 'ELEŞKİRT'),
(48, 4, 'AĞRI', 'HAMUR'),
(49, 4, 'AĞRI', 'MERKEZ'),
(50, 4, 'AĞRI', 'PATNOS'),
(51, 4, 'AĞRI', 'TAŞLIÇAY'),
(52, 4, 'AĞRI', 'TUTAK'),
(53, 68, 'Aksaray', 'AĞAÇÖREN'),
(54, 68, 'Aksaray', 'ESKİL'),
(55, 68, 'Aksaray', 'GÜLAĞAÇ'),
(56, 68, 'Aksaray', 'GÜZELYURT'),
(57, 68, 'Aksaray', 'MERKEZ'),
(58, 68, 'Aksaray', 'ORTAKÖY'),
(59, 68, 'Aksaray', 'SARIYAHŞİ'),
(60, 68, 'Aksaray', 'SULTANHANI'),
(61, 5, 'AMASYA', 'GÖYNÜCEK'),
(62, 5, 'AMASYA', 'GÜMÜŞHACIKÖY'),
(63, 5, 'AMASYA', 'HAMAMÖZÜ'),
(64, 5, 'AMASYA', 'MERKEZ'),
(65, 5, 'AMASYA', 'MERZİFON'),
(66, 5, 'AMASYA', 'SULUOVA'),
(67, 5, 'AMASYA', 'TAŞOVA'),
(68, 6, 'ANKARA', 'AKYURT'),
(69, 6, 'ANKARA', 'ALTINDAĞ'),
(70, 6, 'ANKARA', 'AYAŞ'),
(71, 6, 'ANKARA', 'BALA'),
(72, 6, 'ANKARA', 'BEYPAZARI'),
(73, 6, 'ANKARA', 'ÇAMLIDERE'),
(74, 6, 'ANKARA', 'ÇANKAYA'),
(75, 6, 'ANKARA', 'ÇUBUK'),
(76, 6, 'ANKARA', 'ELMADAĞ'),
(77, 6, 'ANKARA', 'ETİMESGUT'),
(78, 6, 'ANKARA', 'EVREN'),
(79, 6, 'ANKARA', 'GÖLBAŞI'),
(80, 6, 'ANKARA', 'GÜDÜL'),
(81, 6, 'ANKARA', 'HAYMANA'),
(82, 6, 'ANKARA', 'KAHRAMANKAZAN'),
(83, 6, 'ANKARA', 'KALECİK'),
(84, 6, 'ANKARA', 'KEÇİÖREN'),
(85, 6, 'ANKARA', 'KIZILCAHAMAM'),
(86, 6, 'ANKARA', 'MAMAK'),
(87, 6, 'ANKARA', 'NALLIHAN'),
(88, 6, 'ANKARA', 'POLATLI'),
(89, 6, 'ANKARA', 'PURSAKLAR'),
(90, 6, 'ANKARA', 'SİNCAN'),
(91, 6, 'ANKARA', 'ŞEREFLİKOÇHİSAR'),
(92, 6, 'ANKARA', 'YENİMAHALLE'),
(93, 7, 'ANTALYA', 'AKSEKİ'),
(94, 7, 'ANTALYA', 'AKSU'),
(95, 7, 'ANTALYA', 'ALANYA'),
(96, 7, 'ANTALYA', 'DEMRE'),
(97, 7, 'ANTALYA', 'DÖŞEMEALTI'),
(98, 7, 'ANTALYA', 'ELMALI'),
(99, 7, 'ANTALYA', 'FİNİKE'),
(100, 7, 'ANTALYA', 'GAZİPAŞA'),
(101, 7, 'ANTALYA', 'GÜNDOĞMUŞ'),
(102, 7, 'ANTALYA', 'İBRADI'),
(103, 7, 'ANTALYA', 'KAŞ'),
(104, 7, 'ANTALYA', 'KEMER'),
(105, 7, 'ANTALYA', 'KEPEZ'),
(106, 7, 'ANTALYA', 'KONYAALTI'),
(107, 7, 'ANTALYA', 'KORKUTELİ'),
(108, 7, 'ANTALYA', 'KUMLUCA'),
(109, 7, 'ANTALYA', 'MANAVGAT'),
(110, 7, 'ANTALYA', 'MURATPAŞA'),
(111, 7, 'ANTALYA', 'SERİK'),
(112, 75, 'ARDAHAN', 'ÇILDIR'),
(113, 75, 'ARDAHAN', 'DAMAL'),
(114, 75, 'ARDAHAN', 'GÖLE'),
(115, 75, 'ARDAHAN', 'HANAK'),
(116, 75, 'ARDAHAN', 'MERKEZ'),
(117, 75, 'ARDAHAN', 'POSOF'),
(118, 8, 'ARTVİN', 'ARDANUÇ'),
(119, 8, 'ARTVİN', 'ARHAVİ'),
(120, 8, 'ARTVİN', 'BORÇKA'),
(121, 8, 'ARTVİN', 'HOPA'),
(122, 8, 'ARTVİN', 'KEMALPAŞA'),
(123, 8, 'ARTVİN', 'MERKEZ'),
(124, 8, 'ARTVİN', 'MURGUL'),
(125, 8, 'ARTVİN', 'ŞAVŞAT'),
(126, 8, 'ARTVİN', 'YUSUFELİ'),
(127, 9, 'AYDIN', 'BOZDOĞAN'),
(128, 9, 'AYDIN', 'BUHARKENT'),
(129, 9, 'AYDIN', 'ÇİNE'),
(130, 9, 'AYDIN', 'DİDİM'),
(131, 9, 'AYDIN', 'EFELER'),
(132, 9, 'AYDIN', 'GERMENCİK'),
(133, 9, 'AYDIN', 'İNCİRLİOVA'),
(134, 9, 'AYDIN', 'KARACASU'),
(135, 9, 'AYDIN', 'KARPUZLU'),
(136, 9, 'AYDIN', 'KOÇARLI'),
(137, 9, 'AYDIN', 'KÖŞK'),
(138, 9, 'AYDIN', 'KUŞADASI'),
(139, 9, 'AYDIN', 'KUYUCAK'),
(140, 9, 'AYDIN', 'NAZİLLİ'),
(141, 9, 'AYDIN', 'SÖKE'),
(142, 9, 'AYDIN', 'SULTANHİSAR'),
(143, 9, 'AYDIN', 'YENİPAZAR'),
(144, 10, 'BALIKESİR', 'ALTIEYLÜL'),
(145, 10, 'BALIKESİR', 'AYVALIK'),
(146, 10, 'BALIKESİR', 'BALYA'),
(147, 10, 'BALIKESİR', 'BANDIRMA'),
(148, 10, 'BALIKESİR', 'BİGADİÇ'),
(149, 10, 'BALIKESİR', 'BURHANİYE'),
(150, 10, 'BALIKESİR', 'DURSUNBEY'),
(151, 10, 'BALIKESİR', 'EDREMİT'),
(152, 10, 'BALIKESİR', 'ERDEK'),
(153, 10, 'BALIKESİR', 'GÖMEÇ'),
(154, 10, 'BALIKESİR', 'GÖNEN'),
(155, 10, 'BALIKESİR', 'HAVRAN'),
(156, 10, 'BALIKESİR', 'İVRİNDİ'),
(157, 10, 'BALIKESİR', 'KARESİ'),
(158, 10, 'BALIKESİR', 'KEPSUT'),
(159, 10, 'BALIKESİR', 'MANYAS'),
(160, 10, 'BALIKESİR', 'MARMARA'),
(161, 10, 'BALIKESİR', 'SAVAŞTEPE'),
(162, 10, 'BALIKESİR', 'SINDIRGI'),
(163, 10, 'BALIKESİR', 'SUSURLUK'),
(164, 74, 'BARTIN', 'AMASRA'),
(165, 74, 'BARTIN', 'KURUCAŞİLE'),
(166, 74, 'BARTIN', 'MERKEZ'),
(167, 74, 'BARTIN', 'ULUS'),
(168, 72, 'BATMAN', 'BEŞİRİ'),
(169, 72, 'BATMAN', 'GERCÜŞ'),
(170, 72, 'BATMAN', 'HASANKEYF'),
(171, 72, 'BATMAN', 'KOZLUK'),
(172, 72, 'BATMAN', 'MERKEZ'),
(173, 72, 'BATMAN', 'SASON'),
(174, 69, 'BAYBURT', 'AYDINTEPE'),
(175, 69, 'BAYBURT', 'DEMİRÖZÜ'),
(176, 69, 'BAYBURT', 'MERKEZ'),
(177, 11, 'BİLECİK', 'BOZÜYÜK'),
(178, 11, 'BİLECİK', 'GÖLPAZARI'),
(179, 11, 'BİLECİK', 'İNHİSAR'),
(180, 11, 'BİLECİK', 'MERKEZ'),
(181, 11, 'BİLECİK', 'OSMANELİ'),
(182, 11, 'BİLECİK', 'PAZARYERİ'),
(183, 11, 'BİLECİK', 'SÖĞÜT'),
(184, 11, 'BİLECİK', 'YENİPAZAR'),
(185, 12, 'BİNGÖL', 'ADAKLI'),
(186, 12, 'BİNGÖL', 'GENÇ'),
(187, 12, 'BİNGÖL', 'KARLIOVA'),
(188, 12, 'BİNGÖL', 'KİĞI'),
(189, 12, 'BİNGÖL', 'MERKEZ'),
(190, 12, 'BİNGÖL', 'SOLHAN'),
(191, 12, 'BİNGÖL', 'YAYLADERE'),
(192, 12, 'BİNGÖL', 'YEDİSU'),
(193, 13, 'BİTLİS', 'ADİLCEVAZ'),
(194, 13, 'BİTLİS', 'AHLAT'),
(195, 13, 'BİTLİS', 'GÜROYMAK'),
(196, 13, 'BİTLİS', 'HİZAN'),
(197, 13, 'BİTLİS', 'MERKEZ'),
(198, 13, 'BİTLİS', 'MUTKİ'),
(199, 13, 'BİTLİS', 'TATVAN'),
(200, 14, 'BOLU', 'DÖRTDİVAN'),
(201, 14, 'BOLU', 'GEREDE'),
(202, 14, 'BOLU', 'GÖYNÜK'),
(203, 14, 'BOLU', 'KIBRISCIK'),
(204, 14, 'BOLU', 'MENGEN'),
(205, 14, 'BOLU', 'MERKEZ'),
(206, 14, 'BOLU', 'MUDURNU'),
(207, 14, 'BOLU', 'SEBEN'),
(208, 14, 'BOLU', 'YENİÇAĞA'),
(209, 15, 'BURDUR', 'AĞLASUN'),
(210, 15, 'BURDUR', 'ALTINYAYLA'),
(211, 15, 'BURDUR', 'BUCAK'),
(212, 15, 'BURDUR', 'ÇAVDIR'),
(213, 15, 'BURDUR', 'ÇELTİKÇİ'),
(214, 15, 'BURDUR', 'GÖLHİSAR'),
(215, 15, 'BURDUR', 'KARAMANLI'),
(216, 15, 'BURDUR', 'KEMER'),
(217, 15, 'BURDUR', 'MERKEZ'),
(218, 15, 'BURDUR', 'TEFENNİ'),
(219, 15, 'BURDUR', 'YEŞİLOVA'),
(220, 16, 'BURSA', 'BÜYÜKORHAN'),
(221, 16, 'BURSA', 'GEMLİK'),
(222, 16, 'BURSA', 'GÜRSU'),
(223, 16, 'BURSA', 'HARMANCIK'),
(224, 16, 'BURSA', 'İNEGÖL'),
(225, 16, 'BURSA', 'İZNİK'),
(226, 16, 'BURSA', 'KARACABEY'),
(227, 16, 'BURSA', 'KELES'),
(228, 16, 'BURSA', 'KESTEL'),
(229, 16, 'BURSA', 'MUDANYA'),
(230, 16, 'BURSA', 'MUSTAFAKEMALPAŞA'),
(231, 16, 'BURSA', 'NİLÜFER'),
(232, 16, 'BURSA', 'ORHANELİ'),
(233, 16, 'BURSA', 'ORHANGAZİ'),
(234, 16, 'BURSA', 'OSMANGAZİ'),
(235, 16, 'BURSA', 'YENİŞEHİR'),
(236, 16, 'BURSA', 'YILDIRIM'),
(237, 17, 'ÇANAKKALE', 'AYVACIK'),
(238, 17, 'ÇANAKKALE', 'BAYRAMİÇ'),
(239, 17, 'ÇANAKKALE', 'BİGA'),
(240, 17, 'ÇANAKKALE', 'BOZCAADA'),
(241, 17, 'ÇANAKKALE', 'ÇAN'),
(242, 17, 'ÇANAKKALE', 'ECEABAT'),
(243, 17, 'ÇANAKKALE', 'EZİNE'),
(244, 17, 'ÇANAKKALE', 'GELİBOLU'),
(245, 17, 'ÇANAKKALE', 'GÖKÇEADA'),
(246, 17, 'ÇANAKKALE', 'LAPSEKİ'),
(247, 17, 'ÇANAKKALE', 'MERKEZ'),
(248, 17, 'ÇANAKKALE', 'YENİCE'),
(249, 18, 'ÇANKIRI', 'ATKARACALAR'),
(250, 18, 'ÇANKIRI', 'BAYRAMÖREN'),
(251, 18, 'ÇANKIRI', 'ÇERKEŞ'),
(252, 18, 'ÇANKIRI', 'ELDİVAN'),
(253, 18, 'ÇANKIRI', 'ILGAZ'),
(254, 18, 'ÇANKIRI', 'KIZILIRMAK'),
(255, 18, 'ÇANKIRI', 'KORGUN'),
(256, 18, 'ÇANKIRI', 'KURŞUNLU'),
(257, 18, 'ÇANKIRI', 'MERKEZ'),
(258, 18, 'ÇANKIRI', 'ORTA'),
(259, 18, 'ÇANKIRI', 'ŞABANÖZÜ'),
(260, 18, 'ÇANKIRI', 'YAPRAKLI'),
(261, 19, 'ÇORUM', 'ALACA'),
(262, 19, 'ÇORUM', 'BAYAT'),
(263, 19, 'ÇORUM', 'BOĞAZKALE'),
(264, 19, 'ÇORUM', 'DODURGA'),
(265, 19, 'ÇORUM', 'İSKİLİP'),
(266, 19, 'ÇORUM', 'KARGI'),
(267, 19, 'ÇORUM', 'LAÇİN'),
(268, 19, 'ÇORUM', 'MECİTÖZÜ'),
(269, 19, 'ÇORUM', 'MERKEZ'),
(270, 19, 'ÇORUM', 'OĞUZLAR'),
(271, 19, 'ÇORUM', 'ORTAKÖY'),
(272, 19, 'ÇORUM', 'OSMANCIK'),
(273, 19, 'ÇORUM', 'SUNGURLU'),
(274, 19, 'ÇORUM', 'UĞURLUDAĞ'),
(275, 20, 'DENİZLİ', 'ACIPAYAM'),
(276, 20, 'DENİZLİ', 'BABADAĞ'),
(277, 20, 'DENİZLİ', 'BAKLAN'),
(278, 20, 'DENİZLİ', 'BEKİLLİ'),
(279, 20, 'DENİZLİ', 'BEYAĞAÇ'),
(280, 20, 'DENİZLİ', 'BOZKURT'),
(281, 20, 'DENİZLİ', 'BULDAN'),
(282, 20, 'DENİZLİ', 'ÇAL'),
(283, 20, 'DENİZLİ', 'ÇAMELİ'),
(284, 20, 'DENİZLİ', 'ÇARDAK'),
(285, 20, 'DENİZLİ', 'ÇİVRİL'),
(286, 20, 'DENİZLİ', 'GÜNEY'),
(287, 20, 'DENİZLİ', 'HONAZ'),
(288, 20, 'DENİZLİ', 'KALE'),
(289, 20, 'DENİZLİ', 'MERKEZEFENDİ'),
(290, 20, 'DENİZLİ', 'PAMUKKALE'),
(291, 20, 'DENİZLİ', 'SARAYKÖY'),
(292, 20, 'DENİZLİ', 'SERİNHİSAR'),
(293, 20, 'DENİZLİ', 'TAVAS'),
(294, 21, 'DİYARBAKIR', 'BAĞLAR'),
(295, 21, 'DİYARBAKIR', 'BİSMİL'),
(296, 21, 'DİYARBAKIR', 'ÇERMİK'),
(297, 21, 'DİYARBAKIR', 'ÇINAR'),
(298, 21, 'DİYARBAKIR', 'ÇÜNGÜŞ'),
(299, 21, 'DİYARBAKIR', 'DİCLE'),
(300, 21, 'DİYARBAKIR', 'EĞİL'),
(301, 21, 'DİYARBAKIR', 'ERGANİ'),
(302, 21, 'DİYARBAKIR', 'HANİ'),
(303, 21, 'DİYARBAKIR', 'HAZRO'),
(304, 21, 'DİYARBAKIR', 'KAYAPINAR'),
(305, 21, 'DİYARBAKIR', 'KOCAKÖY'),
(306, 21, 'DİYARBAKIR', 'KULP'),
(307, 21, 'DİYARBAKIR', 'LİCE'),
(308, 21, 'DİYARBAKIR', 'SİLVAN'),
(309, 21, 'DİYARBAKIR', 'SUR'),
(310, 21, 'DİYARBAKIR', 'YENİŞEHİR'),
(311, 81, 'DÜZCE', 'AKÇAKOCA'),
(312, 81, 'DÜZCE', 'CUMAYERİ'),
(313, 81, 'DÜZCE', 'ÇİLİMLİ'),
(314, 81, 'DÜZCE', 'GÖLYAKA'),
(315, 81, 'DÜZCE', 'GÜMÜŞOVA'),
(316, 81, 'DÜZCE', 'KAYNAŞLI'),
(317, 81, 'DÜZCE', 'MERKEZ'),
(318, 81, 'DÜZCE', 'YIĞILCA'),
(319, 22, 'EDİRNE', 'ENEZ'),
(320, 22, 'EDİRNE', 'HAVSA'),
(321, 22, 'EDİRNE', 'İPSALA'),
(322, 22, 'EDİRNE', 'KEŞAN'),
(323, 22, 'EDİRNE', 'LALAPAŞA'),
(324, 22, 'EDİRNE', 'MERİÇ'),
(325, 22, 'EDİRNE', 'MERKEZ'),
(326, 22, 'EDİRNE', 'SÜLOĞLU'),
(327, 22, 'EDİRNE', 'UZUNKÖPRÜ'),
(328, 23, 'ELAZIĞ', 'AĞIN'),
(329, 23, 'ELAZIĞ', 'ALACAKAYA'),
(330, 23, 'ELAZIĞ', 'ARICAK'),
(331, 23, 'ELAZIĞ', 'BASKİL'),
(332, 23, 'ELAZIĞ', 'KARAKOÇAN'),
(333, 23, 'ELAZIĞ', 'KEBAN'),
(334, 23, 'ELAZIĞ', 'KOVANCILAR'),
(335, 23, 'ELAZIĞ', 'MADEN'),
(336, 23, 'ELAZIĞ', 'MERKEZ'),
(337, 23, 'ELAZIĞ', 'PALU'),
(338, 23, 'ELAZIĞ', 'SİVRİCE'),
(339, 24, 'ERZİNCAN', 'ÇAYIRLI'),
(340, 24, 'ERZİNCAN', 'İLİÇ'),
(341, 24, 'ERZİNCAN', 'KEMAH'),
(342, 24, 'ERZİNCAN', 'KEMALİYE'),
(343, 24, 'ERZİNCAN', 'MERKEZ'),
(344, 24, 'ERZİNCAN', 'OTLUKBELİ'),
(345, 24, 'ERZİNCAN', 'REFAHİYE'),
(346, 24, 'ERZİNCAN', 'TERCAN'),
(347, 24, 'ERZİNCAN', 'ÜZÜMLÜ'),
(348, 25, 'ERZURUM', 'AŞKALE'),
(349, 25, 'ERZURUM', 'AZİZİYE'),
(350, 25, 'ERZURUM', 'ÇAT'),
(351, 25, 'ERZURUM', 'HINIS'),
(352, 25, 'ERZURUM', 'HORASAN'),
(353, 25, 'ERZURUM', 'İSPİR'),
(354, 25, 'ERZURUM', 'KARAÇOBAN'),
(355, 25, 'ERZURUM', 'KARAYAZI'),
(356, 25, 'ERZURUM', 'KÖPRÜKÖY'),
(357, 25, 'ERZURUM', 'NARMAN'),
(358, 25, 'ERZURUM', 'OLTU'),
(359, 25, 'ERZURUM', 'OLUR'),
(360, 25, 'ERZURUM', 'PALANDÖKEN'),
(361, 25, 'ERZURUM', 'PASİNLER'),
(362, 25, 'ERZURUM', 'PAZARYOLU'),
(363, 25, 'ERZURUM', 'ŞENKAYA'),
(364, 25, 'ERZURUM', 'TEKMAN'),
(365, 25, 'ERZURUM', 'TORTUM'),
(366, 25, 'ERZURUM', 'UZUNDERE'),
(367, 25, 'ERZURUM', 'YAKUTİYE'),
(368, 26, 'ESKİŞEHİR', 'ALPU'),
(369, 26, 'ESKİŞEHİR', 'BEYLİKOVA'),
(370, 26, 'ESKİŞEHİR', 'ÇİFTELER'),
(371, 26, 'ESKİŞEHİR', 'GÜNYÜZÜ'),
(372, 26, 'ESKİŞEHİR', 'HAN'),
(373, 26, 'ESKİŞEHİR', 'İNÖNÜ'),
(374, 26, 'ESKİŞEHİR', 'MAHMUDİYE'),
(375, 26, 'ESKİŞEHİR', 'MİHALGAZİ'),
(376, 26, 'ESKİŞEHİR', 'MİHALIÇÇIK'),
(377, 26, 'ESKİŞEHİR', 'ODUNPAZARI'),
(378, 26, 'ESKİŞEHİR', 'SARICAKAYA'),
(379, 26, 'ESKİŞEHİR', 'SEYİTGAZİ'),
(380, 26, 'ESKİŞEHİR', 'SİVRİHİSAR'),
(381, 26, 'ESKİŞEHİR', 'TEPEBAŞI'),
(382, 27, 'GAZİANTEP', 'ARABAN'),
(383, 27, 'GAZİANTEP', 'İSLAHİYE'),
(384, 27, 'GAZİANTEP', 'KARKAMIŞ'),
(385, 27, 'GAZİANTEP', 'NİZİP'),
(386, 27, 'GAZİANTEP', 'NURDAĞI'),
(387, 27, 'GAZİANTEP', 'OĞUZELİ'),
(388, 27, 'GAZİANTEP', 'ŞAHİNBEY'),
(389, 27, 'GAZİANTEP', 'ŞEHİTKAMİL'),
(390, 27, 'GAZİANTEP', 'YAVUZELİ'),
(391, 28, 'GİRESUN', 'ALUCRA'),
(392, 28, 'GİRESUN', 'BULANCAK'),
(393, 28, 'GİRESUN', 'ÇAMOLUK'),
(394, 28, 'GİRESUN', 'ÇANAKÇI'),
(395, 28, 'GİRESUN', 'DERELİ'),
(396, 28, 'GİRESUN', 'DOĞANKENT'),
(397, 28, 'GİRESUN', 'ESPİYE'),
(398, 28, 'GİRESUN', 'EYNESİL'),
(399, 28, 'GİRESUN', 'GÖRELE'),
(400, 28, 'GİRESUN', 'GÜCE'),
(401, 28, 'GİRESUN', 'KEŞAP'),
(402, 28, 'GİRESUN', 'MERKEZ'),
(403, 28, 'GİRESUN', 'PİRAZİZ'),
(404, 28, 'GİRESUN', 'ŞEBİNKARAHİSAR'),
(405, 28, 'GİRESUN', 'TİREBOLU'),
(406, 28, 'GİRESUN', 'YAĞLIDERE'),
(407, 29, 'GÜMÜŞHANE', 'KELKİT'),
(408, 29, 'GÜMÜŞHANE', 'KÖSE'),
(409, 29, 'GÜMÜŞHANE', 'KÜRTÜN'),
(410, 29, 'GÜMÜŞHANE', 'MERKEZ'),
(411, 29, 'GÜMÜŞHANE', 'ŞİRAN'),
(412, 29, 'GÜMÜŞHANE', 'TORUL'),
(413, 30, 'HAKKARİ', 'ÇUKURCA'),
(414, 30, 'HAKKARİ', 'DERECİK'),
(415, 30, 'HAKKARİ', 'MERKEZ'),
(416, 30, 'HAKKARİ', 'ŞEMDİNLİ'),
(417, 30, 'HAKKARİ', 'YÜKSEKOVA'),
(418, 31, 'HATAY', 'ALTINÖZÜ'),
(419, 31, 'HATAY', 'ANTAKYA'),
(420, 31, 'HATAY', 'ARSUZ'),
(421, 31, 'HATAY', 'BELEN'),
(422, 31, 'HATAY', 'DEFNE'),
(423, 31, 'HATAY', 'DÖRTYOL'),
(424, 31, 'HATAY', 'ERZİN'),
(425, 31, 'HATAY', 'HASSA'),
(426, 31, 'HATAY', 'İSKENDERUN'),
(427, 31, 'HATAY', 'KIRIKHAN'),
(428, 31, 'HATAY', 'KUMLU'),
(429, 31, 'HATAY', 'PAYAS'),
(430, 31, 'HATAY', 'REYHANLI'),
(431, 31, 'HATAY', 'SAMANDAĞ'),
(432, 31, 'HATAY', 'YAYLADAĞI'),
(433, 76, 'IĞDIR', 'ARALIK'),
(434, 76, 'IĞDIR', 'KARAKOYUNLU'),
(435, 76, 'IĞDIR', 'MERKEZ'),
(436, 76, 'IĞDIR', 'TUZLUCA'),
(437, 32, 'ISPARTA', 'AKSU'),
(438, 32, 'ISPARTA', 'ATABEY'),
(439, 32, 'ISPARTA', 'EĞİRDİR'),
(440, 32, 'ISPARTA', 'GELENDOST'),
(441, 32, 'ISPARTA', 'GÖNEN'),
(442, 32, 'ISPARTA', 'KEÇİBORLU'),
(443, 32, 'ISPARTA', 'MERKEZ'),
(444, 32, 'ISPARTA', 'SENİRKENT'),
(445, 32, 'ISPARTA', 'SÜTÇÜLER'),
(446, 32, 'ISPARTA', 'ŞARKİKARAAĞAÇ'),
(447, 32, 'ISPARTA', 'ULUBORLU'),
(448, 32, 'ISPARTA', 'YALVAÇ'),
(449, 32, 'ISPARTA', 'YENİŞARBADEMLİ'),
(450, 34, 'İSTANBUL', 'ADALAR'),
(451, 34, 'İSTANBUL', 'ARNAVUTKÖY'),
(452, 34, 'İSTANBUL', 'ATAŞEHİR'),
(453, 34, 'İSTANBUL', 'AVCILAR'),
(454, 34, 'İSTANBUL', 'BAĞCILAR'),
(455, 34, 'İSTANBUL', 'BAHÇELİEVLER'),
(456, 34, 'İSTANBUL', 'BAKIRKÖY'),
(457, 34, 'İSTANBUL', 'BAŞAKŞEHİR'),
(458, 34, 'İSTANBUL', 'BAYRAMPAŞA'),
(459, 34, 'İSTANBUL', 'BEŞİKTAŞ'),
(460, 34, 'İSTANBUL', 'BEYKOZ'),
(461, 34, 'İSTANBUL', 'BEYLİKDÜZÜ'),
(462, 34, 'İSTANBUL', 'BEYOĞLU'),
(463, 34, 'İSTANBUL', 'BÜYÜKÇEKMECE'),
(464, 34, 'İSTANBUL', 'ÇATALCA'),
(465, 34, 'İSTANBUL', 'ÇEKMEKÖY'),
(466, 34, 'İSTANBUL', 'ESENLER'),
(467, 34, 'İSTANBUL', 'ESENYURT'),
(468, 34, 'İSTANBUL', 'EYÜPSULTAN'),
(469, 34, 'İSTANBUL', 'FATİH'),
(470, 34, 'İSTANBUL', 'GAZİOSMANPAŞA'),
(471, 34, 'İSTANBUL', 'GÜNGÖREN'),
(472, 34, 'İSTANBUL', 'KADIKÖY'),
(473, 34, 'İSTANBUL', 'KAĞITHANE'),
(474, 34, 'İSTANBUL', 'KARTAL'),
(475, 34, 'İSTANBUL', 'KÜÇÜKÇEKMECE'),
(476, 34, 'İSTANBUL', 'MALTEPE'),
(477, 34, 'İSTANBUL', 'PENDİK'),
(478, 34, 'İSTANBUL', 'SANCAKTEPE'),
(479, 34, 'İSTANBUL', 'SARIYER'),
(480, 34, 'İSTANBUL', 'SİLİVRİ'),
(481, 34, 'İSTANBUL', 'SULTANBEYLİ'),
(482, 34, 'İSTANBUL', 'SULTANGAZİ'),
(483, 34, 'İSTANBUL', 'ŞİLE'),
(484, 34, 'İSTANBUL', 'ŞİŞLİ'),
(485, 34, 'İSTANBUL', 'TUZLA'),
(486, 34, 'İSTANBUL', 'ÜMRANİYE'),
(487, 34, 'İSTANBUL', 'ÜSKÜDAR'),
(488, 34, 'İSTANBUL', 'ZEYTİNBURNU'),
(489, 35, 'İZMİR', 'ALİAĞA'),
(490, 35, 'İZMİR', 'BALÇOVA'),
(491, 35, 'İZMİR', 'BAYINDIR'),
(492, 35, 'İZMİR', 'BAYRAKLI'),
(493, 35, 'İZMİR', 'BERGAMA'),
(494, 35, 'İZMİR', 'BEYDAĞ'),
(495, 35, 'İZMİR', 'BORNOVA'),
(496, 35, 'İZMİR', 'BUCA'),
(497, 35, 'İZMİR', 'ÇEŞME'),
(498, 35, 'İZMİR', 'ÇİĞLİ'),
(499, 35, 'İZMİR', 'DİKİLİ'),
(500, 35, 'İZMİR', 'FOÇA'),
(501, 35, 'İZMİR', 'GAZİEMİR'),
(502, 35, 'İZMİR', 'GÜZELBAHÇE'),
(503, 35, 'İZMİR', 'KARABAĞLAR'),
(504, 35, 'İZMİR', 'KARABURUN'),
(505, 35, 'İZMİR', 'KARŞIYAKA'),
(506, 35, 'İZMİR', 'KEMALPAŞA'),
(507, 35, 'İZMİR', 'KINIK'),
(508, 35, 'İZMİR', 'KİRAZ'),
(509, 35, 'İZMİR', 'KONAK'),
(510, 35, 'İZMİR', 'MENDERES'),
(511, 35, 'İZMİR', 'MENEMEN'),
(512, 35, 'İZMİR', 'NARLIDERE'),
(513, 35, 'İZMİR', 'ÖDEMİŞ'),
(514, 35, 'İZMİR', 'SEFERİHİSAR'),
(515, 35, 'İZMİR', 'SELÇUK'),
(516, 35, 'İZMİR', 'TİRE'),
(517, 35, 'İZMİR', 'TORBALI'),
(518, 35, 'İZMİR', 'URLA'),
(519, 46, 'KAHRAMANMARAŞ', 'AFŞİN'),
(520, 46, 'KAHRAMANMARAŞ', 'ANDIRIN'),
(521, 46, 'KAHRAMANMARAŞ', 'ÇAĞLAYANCERİT'),
(522, 46, 'KAHRAMANMARAŞ', 'DULKADİROĞLU'),
(523, 46, 'KAHRAMANMARAŞ', 'EKİNÖZÜ'),
(524, 46, 'KAHRAMANMARAŞ', 'ELBİSTAN'),
(525, 46, 'KAHRAMANMARAŞ', 'GÖKSUN'),
(526, 46, 'KAHRAMANMARAŞ', 'NURHAK'),
(527, 46, 'KAHRAMANMARAŞ', 'ONİKİŞUBAT'),
(528, 46, 'KAHRAMANMARAŞ', 'PAZARCIK'),
(529, 46, 'KAHRAMANMARAŞ', 'TÜRKOĞLU'),
(530, 78, 'KARABÜK', 'EFLANİ'),
(531, 78, 'KARABÜK', 'ESKİPAZAR'),
(532, 78, 'KARABÜK', 'MERKEZ'),
(533, 78, 'KARABÜK', 'OVACIK'),
(534, 78, 'KARABÜK', 'SAFRANBOLU'),
(535, 78, 'KARABÜK', 'YENİCE'),
(536, 70, 'KARAMAN', 'AYRANCI'),
(537, 70, 'KARAMAN', 'BAŞYAYLA'),
(538, 70, 'KARAMAN', 'ERMENEK'),
(539, 70, 'KARAMAN', 'KAZIMKARABEKİR'),
(540, 70, 'KARAMAN', 'MERKEZ'),
(541, 70, 'KARAMAN', 'SARIVELİLER'),
(542, 36, 'AKYAKA', 'AKYAKA'),
(543, 36, 'AKYAKA', 'ARPAÇAY'),
(544, 36, 'AKYAKA', 'DİGOR'),
(545, 36, 'AKYAKA', 'KAĞIZMAN'),
(546, 36, 'AKYAKA', 'MERKEZ'),
(547, 36, 'AKYAKA', 'SARIKAMIŞ'),
(548, 36, 'AKYAKA', 'SELİM'),
(549, 36, 'AKYAKA', 'SUSUZ'),
(550, 37, 'KASTAMONU', 'ABANA'),
(551, 37, 'KASTAMONU', 'AĞLI'),
(552, 37, 'KASTAMONU', 'ARAÇ'),
(553, 37, 'KASTAMONU', 'AZDAVAY'),
(554, 37, 'KASTAMONU', 'BOZKURT'),
(555, 37, 'KASTAMONU', 'CİDE'),
(556, 37, 'KASTAMONU', 'ÇATALZEYTİN'),
(557, 37, 'KASTAMONU', 'DADAY'),
(558, 37, 'KASTAMONU', 'DEVREKANİ'),
(559, 37, 'KASTAMONU', 'DOĞANYURT'),
(560, 37, 'KASTAMONU', 'HANÖNÜ'),
(561, 37, 'KASTAMONU', 'İHSANGAZİ'),
(562, 37, 'KASTAMONU', 'İNEBOLU'),
(563, 37, 'KASTAMONU', 'KÜRE'),
(564, 37, 'KASTAMONU', 'MERKEZ'),
(565, 37, 'KASTAMONU', 'PINARBAŞI'),
(566, 37, 'KASTAMONU', 'SEYDİLER'),
(567, 37, 'KASTAMONU', 'ŞENPAZAR'),
(568, 37, 'KASTAMONU', 'TAŞKÖPRÜ'),
(569, 37, 'KASTAMONU', 'TOSYA'),
(570, 38, 'KAYSERİ', 'AKKIŞLA'),
(571, 38, 'KAYSERİ', 'BÜNYAN'),
(572, 38, 'KAYSERİ', 'DEVELİ'),
(573, 38, 'KAYSERİ', 'FELAHİYE'),
(574, 38, 'KAYSERİ', 'HACILAR'),
(575, 38, 'KAYSERİ', 'İNCESU'),
(576, 38, 'KAYSERİ', 'KOCASİNAN'),
(577, 38, 'KAYSERİ', 'MELİKGAZİ'),
(578, 38, 'KAYSERİ', 'ÖZVATAN'),
(579, 38, 'KAYSERİ', 'PINARBAŞI'),
(580, 38, 'KAYSERİ', 'SARIOĞLAN'),
(581, 38, 'KAYSERİ', 'SARIZ'),
(582, 38, 'KAYSERİ', 'TALAS'),
(583, 38, 'KAYSERİ', 'TOMARZA'),
(584, 38, 'KAYSERİ', 'YAHYALI'),
(585, 38, 'KAYSERİ', 'YEŞİLHİSAR'),
(586, 71, 'KIRIKKALE', 'BAHŞILI'),
(587, 71, 'KIRIKKALE', 'BALIŞEYH'),
(588, 71, 'KIRIKKALE', 'ÇELEBİ'),
(589, 71, 'KIRIKKALE', 'DELİCE'),
(590, 71, 'KIRIKKALE', 'KARAKEÇİLİ'),
(591, 71, 'KIRIKKALE', 'KESKİN'),
(592, 71, 'KIRIKKALE', 'MERKEZ'),
(593, 71, 'KIRIKKALE', 'SULAKYURT'),
(594, 71, 'KIRIKKALE', 'YAHŞİHAN'),
(595, 39, 'KIRKLARELİ', 'BABAESKİ'),
(596, 39, 'KIRKLARELİ', 'DEMİRKÖY'),
(597, 39, 'KIRKLARELİ', 'KOFÇAZ'),
(598, 39, 'KIRKLARELİ', 'LÜLEBURGAZ'),
(599, 39, 'KIRKLARELİ', 'MERKEZ'),
(600, 39, 'KIRKLARELİ', 'PEHLİVANKÖY'),
(601, 39, 'KIRKLARELİ', 'PINARHİSAR'),
(602, 39, 'KIRKLARELİ', 'VİZE'),
(603, 40, 'KIRŞEHİR', 'AKÇAKENT'),
(604, 40, 'KIRŞEHİR', 'AKPINAR'),
(605, 40, 'KIRŞEHİR', 'BOZTEPE'),
(606, 40, 'KIRŞEHİR', 'ÇİÇEKDAĞI'),
(607, 40, 'KIRŞEHİR', 'KAMAN'),
(608, 40, 'KIRŞEHİR', 'MERKEZ'),
(609, 40, 'KIRŞEHİR', 'MUCUR'),
(610, 79, 'KİLİS', 'ELBEYLİ'),
(611, 79, 'KİLİS', 'MERKEZ'),
(612, 79, 'KİLİS', 'MUSABEYLİ'),
(613, 79, 'KİLİS', 'POLATELİ'),
(614, 41, 'KOCAELİ', 'BAŞİSKELE'),
(615, 41, 'KOCAELİ', 'ÇAYIROVA'),
(616, 41, 'KOCAELİ', 'DARICA'),
(617, 41, 'KOCAELİ', 'DERİNCE'),
(618, 41, 'KOCAELİ', 'DİLOVASI'),
(619, 41, 'KOCAELİ', 'GEBZE'),
(620, 41, 'KOCAELİ', 'GÖLCÜK'),
(621, 41, 'KOCAELİ', 'İZMİT'),
(622, 41, 'KOCAELİ', 'KANDIRA'),
(623, 41, 'KOCAELİ', 'KARAMÜRSEL'),
(624, 41, 'KOCAELİ', 'KARTEPE'),
(625, 41, 'KOCAELİ', 'KÖRFEZ'),
(626, 42, 'KONYA', 'AHIRLI'),
(627, 42, 'KONYA', 'AKÖREN'),
(628, 42, 'KONYA', 'AKŞEHİR'),
(629, 42, 'KONYA', 'ALTINEKİN'),
(630, 42, 'KONYA', 'BEYŞEHİR'),
(631, 42, 'KONYA', 'BOZKIR'),
(632, 42, 'KONYA', 'CİHANBEYLİ'),
(633, 42, 'KONYA', 'ÇELTİK'),
(634, 42, 'KONYA', 'ÇUMRA'),
(635, 42, 'KONYA', 'DERBENT'),
(636, 42, 'KONYA', 'DEREBUCAK'),
(637, 42, 'KONYA', 'DOĞANHİSAR'),
(638, 42, 'KONYA', 'EMİRGAZİ'),
(639, 42, 'KONYA', 'EREĞLİ'),
(640, 42, 'KONYA', 'GÜNEYSINIR'),
(641, 42, 'KONYA', 'HADİM'),
(642, 42, 'KONYA', 'HALKAPINAR'),
(643, 42, 'KONYA', 'HÜYÜK'),
(644, 42, 'KONYA', 'ILGIN'),
(645, 42, 'KONYA', 'KADINHANI'),
(646, 42, 'KONYA', 'KARAPINAR'),
(647, 42, 'KONYA', 'KARATAY'),
(648, 42, 'KONYA', 'KULU'),
(649, 42, 'KONYA', 'MERAM'),
(650, 42, 'KONYA', 'SARAYÖNÜ'),
(651, 42, 'KONYA', 'SELÇUKLU'),
(652, 42, 'KONYA', 'SEYDİŞEHİR'),
(653, 42, 'KONYA', 'TAŞKENT'),
(654, 42, 'KONYA', 'TUZLUKÇU'),
(655, 42, 'KONYA', 'YALIHÜYÜK'),
(656, 42, 'KONYA', 'YUNAK'),
(657, 43, 'KÜTAHYA', 'ALTINTAŞ'),
(658, 43, 'KÜTAHYA', 'ASLANAPA'),
(659, 43, 'KÜTAHYA', 'ÇAVDARHİSAR'),
(660, 43, 'KÜTAHYA', 'DOMANİÇ'),
(661, 43, 'KÜTAHYA', 'DUMLUPINAR'),
(662, 43, 'KÜTAHYA', 'EMET'),
(663, 43, 'KÜTAHYA', 'GEDİZ'),
(664, 43, 'KÜTAHYA', 'HİSARCIK'),
(665, 43, 'KÜTAHYA', 'MERKEZ'),
(666, 43, 'KÜTAHYA', 'PAZARLAR'),
(667, 43, 'KÜTAHYA', 'SİMAV'),
(668, 43, 'KÜTAHYA', 'ŞAPHANE'),
(669, 43, 'KÜTAHYA', 'TAVŞANLI'),
(670, 44, 'MALATYA', 'AKÇADAĞ'),
(671, 44, 'MALATYA', 'ARAPGİR'),
(672, 44, 'MALATYA', 'ARGUVAN'),
(673, 44, 'MALATYA', 'BATTALGAZİ'),
(674, 44, 'MALATYA', 'DARENDE'),
(675, 44, 'MALATYA', 'DOĞANŞEHİR'),
(676, 44, 'MALATYA', 'DOĞANYOL'),
(677, 44, 'MALATYA', 'HEKİMHAN'),
(678, 44, 'MALATYA', 'KALE'),
(679, 44, 'MALATYA', 'KULUNCAK'),
(680, 44, 'MALATYA', 'PÜTÜRGE'),
(681, 44, 'MALATYA', 'YAZIHAN'),
(682, 44, 'MALATYA', 'YEŞİLYURT'),
(683, 45, 'MANİSA', 'AHMETLİ'),
(684, 45, 'MANİSA', 'AKHİSAR'),
(685, 45, 'MANİSA', 'ALAŞEHİR'),
(686, 45, 'MANİSA', 'DEMİRCİ'),
(687, 45, 'MANİSA', 'GÖLMARMARA'),
(688, 45, 'MANİSA', 'GÖRDES'),
(689, 45, 'MANİSA', 'KIRKAĞAÇ'),
(690, 45, 'MANİSA', 'KÖPRÜBAŞI'),
(691, 45, 'MANİSA', 'KULA'),
(692, 45, 'MANİSA', 'SALİHLİ'),
(693, 45, 'MANİSA', 'SARIGÖL'),
(694, 45, 'MANİSA', 'SARUHANLI'),
(695, 45, 'MANİSA', 'SELENDİ'),
(696, 45, 'MANİSA', 'SOMA'),
(697, 45, 'MANİSA', 'ŞEHZADELER'),
(698, 45, 'MANİSA', 'TURGUTLU'),
(699, 45, 'MANİSA', 'YUNUSEMRE'),
(700, 47, 'MARDİN', 'ARTUKLU'),
(701, 47, 'MARDİN', 'DARGEÇİT'),
(702, 47, 'MARDİN', 'DERİK'),
(703, 47, 'MARDİN', 'KIZILTEPE'),
(704, 47, 'MARDİN', 'MAZIDAĞI'),
(705, 47, 'MARDİN', 'MİDYAT'),
(706, 47, 'MARDİN', 'NUSAYBİN'),
(707, 47, 'MARDİN', 'ÖMERLİ'),
(708, 47, 'MARDİN', 'SAVUR'),
(709, 47, 'MARDİN', 'YEŞİLLİ'),
(710, 33, 'MERSİN', 'AKDENİZ'),
(711, 33, 'MERSİN', 'ANAMUR'),
(712, 33, 'MERSİN', 'AYDINCIK'),
(713, 33, 'MERSİN', 'BOZYAZI'),
(714, 33, 'MERSİN', 'ÇAMLIYAYLA'),
(715, 33, 'MERSİN', 'ERDEMLİ'),
(716, 33, 'MERSİN', 'GÜLNAR'),
(717, 33, 'MERSİN', 'MEZİTLİ'),
(718, 33, 'MERSİN', 'MUT'),
(719, 33, 'MERSİN', 'SİLİFKE'),
(720, 33, 'MERSİN', 'TARSUS'),
(721, 33, 'MERSİN', 'TOROSLAR'),
(722, 33, 'MERSİN', 'YENİŞEHİR'),
(723, 48, 'MUĞLA', 'BODRUM'),
(724, 48, 'MUĞLA', 'DALAMAN'),
(725, 48, 'MUĞLA', 'DATÇA'),
(726, 48, 'MUĞLA', 'FETHİYE'),
(727, 48, 'MUĞLA', 'KAVAKLIDERE'),
(728, 48, 'MUĞLA', 'KÖYCEĞİZ'),
(729, 48, 'MUĞLA', 'MARMARİS'),
(730, 48, 'MUĞLA', 'MENTEŞE'),
(731, 48, 'MUĞLA', 'MİLAS'),
(732, 48, 'MUĞLA', 'ORTACA'),
(733, 48, 'MUĞLA', 'SEYDİKEMER'),
(734, 48, 'MUĞLA', 'ULA'),
(735, 48, 'MUĞLA', 'YATAĞAN'),
(736, 49, 'MUŞ', 'BULANIK'),
(737, 49, 'MUŞ', 'HASKÖY'),
(738, 49, 'MUŞ', 'KORKUT'),
(739, 49, 'MUŞ', 'MALAZGİRT'),
(740, 49, 'MUŞ', 'MERKEZ'),
(741, 49, 'MUŞ', 'VARTO'),
(742, 50, 'NEVŞEHİR', 'ACIGÖL'),
(743, 50, 'NEVŞEHİR', 'AVANOS'),
(744, 50, 'NEVŞEHİR', 'DERİNKUYU'),
(745, 50, 'NEVŞEHİR', 'GÜLŞEHİR'),
(746, 50, 'NEVŞEHİR', 'HACIBEKTAŞ'),
(747, 50, 'NEVŞEHİR', 'KOZAKLI'),
(748, 50, 'NEVŞEHİR', 'MERKEZ'),
(749, 50, 'NEVŞEHİR', 'ÜRGÜP'),
(750, 51, 'NİĞDE', 'ALTUNHİSAR'),
(751, 51, 'NİĞDE', 'BOR'),
(752, 51, 'NİĞDE', 'ÇAMARDI'),
(753, 51, 'NİĞDE', 'ÇİFTLİK'),
(754, 51, 'NİĞDE', 'MERKEZ'),
(755, 51, 'NİĞDE', 'ULUKIŞLA'),
(756, 52, 'ORDU', 'AKKUŞ'),
(757, 52, 'ORDU', 'ALTINORDU'),
(758, 52, 'ORDU', 'AYBASTI'),
(759, 52, 'ORDU', 'ÇAMAŞ'),
(760, 52, 'ORDU', 'ÇATALPINAR'),
(761, 52, 'ORDU', 'ÇAYBAŞI'),
(762, 52, 'ORDU', 'FATSA'),
(763, 52, 'ORDU', 'GÖLKÖY'),
(764, 52, 'ORDU', 'GÜLYALI'),
(765, 52, 'ORDU', 'GÜRGENTEPE'),
(766, 52, 'ORDU', 'İKİZCE'),
(767, 52, 'ORDU', 'KABADÜZ'),
(768, 52, 'ORDU', 'KABATAŞ'),
(769, 52, 'ORDU', 'KORGAN'),
(770, 52, 'ORDU', 'KUMRU'),
(771, 52, 'ORDU', 'MESUDİYE'),
(772, 52, 'ORDU', 'PERŞEMBE'),
(773, 52, 'ORDU', 'ULUBEY'),
(774, 52, 'ORDU', 'ÜNYE'),
(775, 80, 'OSMANİYE', 'BAHÇE'),
(776, 80, 'OSMANİYE', 'DÜZİÇİ'),
(777, 80, 'OSMANİYE', 'HASANBEYLİ'),
(778, 80, 'OSMANİYE', 'KADİRLİ'),
(779, 80, 'OSMANİYE', 'MERKEZ'),
(780, 80, 'OSMANİYE', 'SUMBAS'),
(781, 80, 'OSMANİYE', 'TOPRAKKALE'),
(782, 53, 'RİZE', 'ARDEŞEN'),
(783, 53, 'RİZE', 'ÇAMLIHEMŞİN'),
(784, 53, 'RİZE', 'ÇAYELİ'),
(785, 53, 'RİZE', 'DEREPAZARI'),
(786, 53, 'RİZE', 'FINDIKLI'),
(787, 53, 'RİZE', 'GÜNEYSU'),
(788, 53, 'RİZE', 'HEMŞİN'),
(789, 53, 'RİZE', 'İKİZDERE'),
(790, 53, 'RİZE', 'İYİDERE'),
(791, 53, 'RİZE', 'KALKANDERE'),
(792, 53, 'RİZE', 'MERKEZ'),
(793, 53, 'RİZE', 'PAZAR'),
(794, 54, 'SAKARYA', 'ADAPAZARI'),
(795, 54, 'SAKARYA', 'AKYAZI'),
(796, 54, 'SAKARYA', 'ARİFİYE'),
(797, 54, 'SAKARYA', 'ERENLER'),
(798, 54, 'SAKARYA', 'FERİZLİ'),
(799, 54, 'SAKARYA', 'GEYVE'),
(800, 54, 'SAKARYA', 'HENDEK'),
(801, 54, 'SAKARYA', 'KARAPÜRÇEK'),
(802, 54, 'SAKARYA', 'KARASU'),
(803, 54, 'SAKARYA', 'KAYNARCA'),
(804, 54, 'SAKARYA', 'KOCAALİ'),
(805, 54, 'SAKARYA', 'PAMUKOVA'),
(806, 54, 'SAKARYA', 'SAPANCA'),
(807, 54, 'SAKARYA', 'SERDİVAN'),
(808, 54, 'SAKARYA', 'SÖĞÜTLÜ'),
(809, 54, 'SAKARYA', 'TARAKLI'),
(810, 55, 'SAMSUN', '19 MAYIS'),
(811, 55, 'SAMSUN', 'ALAÇAM'),
(812, 55, 'SAMSUN', 'ASARCIK'),
(813, 55, 'SAMSUN', 'ATAKUM'),
(814, 55, 'SAMSUN', 'AYVACIK'),
(815, 55, 'SAMSUN', 'BAFRA'),
(816, 55, 'SAMSUN', 'CANİK'),
(817, 55, 'SAMSUN', 'ÇARŞAMBA'),
(818, 55, 'SAMSUN', 'HAVZA'),
(819, 55, 'SAMSUN', 'İLKADIM'),
(820, 55, 'SAMSUN', 'KAVAK'),
(821, 55, 'SAMSUN', 'LADİK'),
(822, 55, 'SAMSUN', 'SALIPAZARI'),
(823, 55, 'SAMSUN', 'TEKKEKÖY'),
(824, 55, 'SAMSUN', 'TERME'),
(825, 55, 'SAMSUN', 'VEZİRKÖPRÜ'),
(826, 55, 'SAMSUN', 'YAKAKENT'),
(827, 56, 'SİİRT', 'BAYKAN'),
(828, 56, 'SİİRT', 'ERUH'),
(829, 56, 'SİİRT', 'KURTALAN'),
(830, 56, 'SİİRT', 'MERKEZ'),
(831, 56, 'SİİRT', 'PERVARİ'),
(832, 56, 'SİİRT', 'ŞİRVAN'),
(833, 56, 'SİİRT', 'TİLLO'),
(834, 57, 'SİNOP', 'AYANCIK'),
(835, 57, 'SİNOP', 'BOYABAT'),
(836, 57, 'SİNOP', 'DİKMEN'),
(837, 57, 'SİNOP', 'DURAĞAN'),
(838, 57, 'SİNOP', 'ERFELEK'),
(839, 57, 'SİNOP', 'GERZE'),
(840, 57, 'SİNOP', 'MERKEZ'),
(841, 57, 'SİNOP', 'SARAYDÜZÜ'),
(842, 57, 'SİNOP', 'TÜRKELİ'),
(843, 58, 'SİVAS', 'AKINCILAR'),
(844, 58, 'SİVAS', 'ALTINYAYLA'),
(845, 58, 'SİVAS', 'DİVRİĞİ'),
(846, 58, 'SİVAS', 'DOĞANŞAR'),
(847, 58, 'SİVAS', 'GEMEREK'),
(848, 58, 'SİVAS', 'GÖLOVA'),
(849, 58, 'SİVAS', 'GÜRÜN'),
(850, 58, 'SİVAS', 'HAFİK'),
(851, 58, 'SİVAS', 'İMRANLI'),
(852, 58, 'SİVAS', 'KANGAL'),
(853, 58, 'SİVAS', 'KOYULHİSAR'),
(854, 58, 'SİVAS', 'MERKEZ'),
(855, 58, 'SİVAS', 'SUŞEHRİ'),
(856, 58, 'SİVAS', 'ŞARKIŞLA'),
(857, 58, 'SİVAS', 'ULAŞ'),
(858, 58, 'SİVAS', 'YILDIZELİ'),
(859, 58, 'SİVAS', 'ZARA'),
(860, 63, 'ŞANLIURFA', 'AKÇAKALE'),
(861, 63, 'ŞANLIURFA', 'BİRECİK'),
(862, 63, 'ŞANLIURFA', 'BOZOVA'),
(863, 63, 'ŞANLIURFA', 'CEYLANPINAR'),
(864, 63, 'ŞANLIURFA', 'EYYÜBİYE'),
(865, 63, 'ŞANLIURFA', 'HALFETİ'),
(866, 63, 'ŞANLIURFA', 'HALİLİYE'),
(867, 63, 'ŞANLIURFA', 'HARRAN'),
(868, 63, 'ŞANLIURFA', 'HİLVAN'),
(869, 63, 'ŞANLIURFA', 'KARAKÖPRÜ'),
(870, 63, 'ŞANLIURFA', 'SİVEREK'),
(871, 63, 'ŞANLIURFA', 'SURUÇ'),
(872, 63, 'ŞANLIURFA', 'VİRANŞEHİR'),
(873, 73, 'ŞIRNAK', 'BEYTÜŞŞEBAP'),
(874, 73, 'ŞIRNAK', 'CİZRE'),
(875, 73, 'ŞIRNAK', 'GÜÇLÜKONAK'),
(876, 73, 'ŞIRNAK', 'İDİL'),
(877, 73, 'ŞIRNAK', 'MERKEZ'),
(878, 73, 'ŞIRNAK', 'SİLOPİ'),
(879, 73, 'ŞIRNAK', 'ULUDERE'),
(880, 59, 'TEKİRDAĞ', 'ÇERKEZKÖY'),
(881, 59, 'TEKİRDAĞ', 'ÇORLU'),
(882, 59, 'TEKİRDAĞ', 'ERGENE'),
(883, 59, 'TEKİRDAĞ', 'HAYRABOLU'),
(884, 59, 'TEKİRDAĞ', 'KAPAKLI'),
(885, 59, 'TEKİRDAĞ', 'MALKARA'),
(886, 59, 'TEKİRDAĞ', 'MARMARAEREĞLİSİ'),
(887, 59, 'TEKİRDAĞ', 'MURATLI'),
(888, 59, 'TEKİRDAĞ', 'SARAY'),
(889, 59, 'TEKİRDAĞ', 'SÜLEYMANPAŞA'),
(890, 59, 'TEKİRDAĞ', 'ŞARKÖY'),
(891, 60, 'TOKAT', 'ALMUS'),
(892, 60, 'TOKAT', 'ARTOVA'),
(893, 60, 'TOKAT', 'BAŞÇİFTLİK'),
(894, 60, 'TOKAT', 'ERBAA'),
(895, 60, 'TOKAT', 'MERKEZ'),
(896, 60, 'TOKAT', 'NİKSAR'),
(897, 60, 'TOKAT', 'PAZAR'),
(898, 60, 'TOKAT', 'REŞADİYE'),
(899, 60, 'TOKAT', 'SULUSARAY'),
(900, 60, 'TOKAT', 'TURHAL'),
(901, 60, 'TOKAT', 'YEŞİLYURT'),
(902, 60, 'TOKAT', 'ZİLE'),
(903, 61, 'TRABZON', 'AKÇAABAT'),
(904, 61, 'TRABZON', 'ARAKLI'),
(905, 61, 'TRABZON', 'ARSİN'),
(906, 61, 'TRABZON', 'BEŞİKDÜZÜ'),
(907, 61, 'TRABZON', 'ÇARŞIBAŞI'),
(908, 61, 'TRABZON', 'ÇAYKARA'),
(909, 61, 'TRABZON', 'DERNEKPAZARI'),
(910, 61, 'TRABZON', 'DÜZKÖY'),
(911, 61, 'TRABZON', 'HAYRAT'),
(912, 61, 'TRABZON', 'KÖPRÜBAŞI'),
(913, 61, 'TRABZON', 'MAÇKA'),
(914, 61, 'TRABZON', 'OF'),
(915, 61, 'TRABZON', 'ORTAHİSAR'),
(916, 61, 'TRABZON', 'SÜRMENE'),
(917, 61, 'TRABZON', 'ŞALPAZARI'),
(918, 61, 'TRABZON', 'TONYA'),
(919, 61, 'TRABZON', 'VAKFIKEBİR'),
(920, 61, 'TRABZON', 'YOMRA'),
(921, 62, 'TUNCELİ', 'ÇEMİŞGEZEK'),
(922, 62, 'TUNCELİ', 'HOZAT'),
(923, 62, 'TUNCELİ', 'MAZGİRT'),
(924, 62, 'TUNCELİ', 'MERKEZ'),
(925, 62, 'TUNCELİ', 'NAZIMİYE'),
(926, 62, 'TUNCELİ', 'OVACIK'),
(927, 62, 'TUNCELİ', 'PERTEK'),
(928, 62, 'TUNCELİ', 'PÜLÜMÜR'),
(929, 64, 'UŞAK', 'BANAZ'),
(930, 64, 'UŞAK', 'EŞME'),
(931, 64, 'UŞAK', 'KARAHALLI'),
(932, 64, 'UŞAK', 'MERKEZ'),
(933, 64, 'UŞAK', 'SİVASLI'),
(934, 64, 'UŞAK', 'ULUBEY'),
(935, 65, 'VAN', 'BAHÇESARAY'),
(936, 65, 'VAN', 'BAŞKALE'),
(937, 65, 'VAN', 'ÇALDIRAN'),
(938, 65, 'VAN', 'ÇATAK'),
(939, 65, 'VAN', 'EDREMİT'),
(940, 65, 'VAN', 'ERCİŞ'),
(941, 65, 'VAN', 'GEVAŞ'),
(942, 65, 'VAN', 'GÜRPINAR'),
(943, 65, 'VAN', 'İPEKYOLU'),
(944, 65, 'VAN', 'MURADİYE'),
(945, 65, 'VAN', 'ÖZALP'),
(946, 65, 'VAN', 'SARAY'),
(947, 65, 'VAN', 'TUŞBA'),
(948, 77, 'YALOVA', 'ALTINOVA'),
(949, 77, 'YALOVA', 'ARMUTLU'),
(950, 77, 'YALOVA', 'ÇINARCIK'),
(951, 77, 'YALOVA', 'ÇİFTLİKKÖY'),
(952, 77, 'YALOVA', 'MERKEZ'),
(953, 77, 'YALOVA', 'TERMAL'),
(954, 66, 'YOZGAT', 'AKDAĞMADENİ'),
(955, 66, 'YOZGAT', 'AYDINCIK'),
(956, 66, 'YOZGAT', 'BOĞAZLIYAN'),
(957, 66, 'YOZGAT', 'ÇANDIR'),
(958, 66, 'YOZGAT', 'ÇAYIRALAN'),
(959, 66, 'YOZGAT', 'ÇEKEREK'),
(960, 66, 'YOZGAT', 'KADIŞEHRİ'),
(961, 66, 'YOZGAT', 'MERKEZ'),
(962, 66, 'YOZGAT', 'SARAYKENT'),
(963, 66, 'YOZGAT', 'SARIKAYA'),
(964, 66, 'YOZGAT', 'SORGUN'),
(965, 66, 'YOZGAT', 'ŞEFAATLİ'),
(966, 66, 'YOZGAT', 'YENİFAKILI'),
(967, 66, 'YOZGAT', 'YERKÖY'),
(968, 67, 'ZONGULDAK', 'ALAPLI'),
(969, 67, 'ZONGULDAK', 'ÇAYCUMA'),
(970, 67, 'ZONGULDAK', 'DEVREK'),
(971, 67, 'ZONGULDAK', 'EREĞLİ'),
(972, 67, 'ZONGULDAK', 'GÖKÇEBEY'),
(973, 67, 'ZONGULDAK', 'KİLİMLİ'),
(974, 67, 'ZONGULDAK', 'KOZLU'),
(975, 67, 'ZONGULDAK', 'MERKEZ');

-- --------------------------------------------------------

--
-- Tablo için tablo yapısı `kullanici`
--

CREATE TABLE `kullanici` (
  `kullanici_id` int(11) NOT NULL,
  `subMerchantKey` varchar(500) COLLATE utf8_turkish_ci NOT NULL,
  `kullanici_foto` varchar(500) COLLATE utf8_turkish_ci NOT NULL DEFAULT 'dimg/user.png',
  `kullanici_zaman` datetime NOT NULL DEFAULT current_timestamp(),
  `kullanici_resim` varchar(250) COLLATE utf8_turkish_ci NOT NULL,
  `kullanici_ad` varchar(50) COLLATE utf8_turkish_ci NOT NULL,
  `kullanici_soyad` varchar(50) COLLATE utf8_turkish_ci NOT NULL,
  `kullanici_mail` varchar(100) COLLATE utf8_turkish_ci NOT NULL,
  `kullanici_password` varchar(50) COLLATE utf8_turkish_ci NOT NULL,
  `kullanici_yetki` varchar(50) COLLATE utf8_turkish_ci NOT NULL,
  `kullanici_durum` int(1) NOT NULL DEFAULT 1,
  `kullanici_cinsiyet` enum('erkek','kadın') COLLATE utf8_turkish_ci DEFAULT NULL
) ENGINE=InnoDB DEFAULT CHARSET=utf8 COLLATE=utf8_turkish_ci;

--
-- Tablo döküm verisi `kullanici`
--

INSERT INTO `kullanici` (`kullanici_id`, `subMerchantKey`, `kullanici_foto`, `kullanici_zaman`, `kullanici_resim`, `kullanici_ad`, `kullanici_soyad`, `kullanici_mail`, `kullanici_password`, `kullanici_yetki`, `kullanici_durum`, `kullanici_cinsiyet`) VALUES
(169, '', 'dimg/magaza-fotoyok.png', '2021-01-10 19:01:09', '', 'Mehmet', 'Yağcı', 'mehmet__y97@hotmail.com', 'e10adc3949ba59abbe56e057f20f883e', '5', 1, NULL),
(171, '', 'dimg/magaza-fotoyok.png', '2021-01-11 01:53:53', '', '', '', 'aa', '25d55ad283aa400af464c76d713c07ad', '1', 1, NULL),
(172, '', 'dimg/kullanicifoto/60b0fa7138bca.jpg', '2021-01-11 02:26:05', '', 'Mehmet', 'Yağcı', 'b', 'e10adc3949ba59abbe56e057f20f883e', '1', 1, NULL),
(173, '', 'dimg/kullanicifoto/ahmet.png', '2021-01-12 21:29:08', '', 'Ahmet', 'Demirayak', 'a', 'fcea920f7412b5da7be0cf42b8c93759', '1', 1, 'erkek'),
(174, '', 'dimg/user.png', '2021-01-12 21:30:26', '', 'exa', 'exa', 'exa', 'e10adc3949ba59abbe56e057f20f883e', '5', 1, 'kadın'),
(175, '', 'dimg/kullanicifoto/nesprofil.jpg', '2021-01-19 00:57:01', '', 'Neslihan', 'Çelik', 'c', 'e10adc3949ba59abbe56e057f20f883e', '1', 1, 'erkek'),
(176, '', 'dimg/kullanicifoto/60b262ebe9b49.jpg', '2021-05-28 12:15:19', '', 'Neşet', 'Baba', 'r', 'fcea920f7412b5da7be0cf42b8c93759', '1', 1, 'erkek'),
(177, '', 'dimg/kullanicifoto/ahmet.png', '2021-05-29 18:53:04', '', 'Asaf', 'Yılmaz', 'g', 'e10adc3949ba59abbe56e057f20f883e', '1', 1, 'erkek'),
(178, '', 'dimg/kullanicifoto/60ba03e0c969f.jpg', '2021-06-04 13:42:46', '', 'Nes', 'CELİK', 'nescelik96@gmail.com', 'e10adc3949ba59abbe56e057f20f883e', '1', 1, 'kadın'),
(179, '', 'dimg/kullanicifoto/60ba6c59dd24a.jpg', '2021-06-04 21:08:32', '', 'Neshan', 'Çeilik', 'c@mail.com', 'e10adc3949ba59abbe56e057f20f883e', '1', 1, 'kadın');

-- --------------------------------------------------------

--
-- Tablo için tablo yapısı `menu`
--

CREATE TABLE `menu` (
  `menu_id` int(11) NOT NULL,
  `menu_ust` varchar(50) COLLATE utf8_turkish_ci NOT NULL,
  `menu_ad` varchar(100) COLLATE utf8_turkish_ci NOT NULL,
  `menu_detay` text COLLATE utf8_turkish_ci NOT NULL,
  `menu_url` varchar(250) COLLATE utf8_turkish_ci NOT NULL,
  `menu_sira` int(2) NOT NULL,
  `menu_durum` enum('0','1') COLLATE utf8_turkish_ci NOT NULL,
  `menu_seourl` varchar(250) COLLATE utf8_turkish_ci NOT NULL
) ENGINE=InnoDB DEFAULT CHARSET=utf8 COLLATE=utf8_turkish_ci;

--
-- Tablo döküm verisi `menu`
--

INSERT INTO `menu` (`menu_id`, `menu_ust`, `menu_ad`, `menu_detay`, `menu_url`, `menu_sira`, `menu_durum`, `menu_seourl`) VALUES
(1, '0', 'Hakkımızda', '', 'hakkimizda', 1, '1', 'hakkimizda'),
(4, '0', 'Kategoriler', '', 'kategoriler', 3, '1', 'kategoriler');

--
-- Dökümü yapılmış tablolar için indeksler
--

--
-- Tablo için indeksler `ayar`
--
ALTER TABLE `ayar`
  ADD PRIMARY KEY (`ayar_id`);

--
-- Tablo için indeksler `etkinlik`
--
ALTER TABLE `etkinlik`
  ADD PRIMARY KEY (`etkinlik_id`);

--
-- Tablo için indeksler `hakkimizda`
--
ALTER TABLE `hakkimizda`
  ADD PRIMARY KEY (`hakkimizda_id`);

--
-- Tablo için indeksler `il`
--
ALTER TABLE `il`
  ADD PRIMARY KEY (`il_id`);

--
-- Tablo için indeksler `ilce`
--
ALTER TABLE `ilce`
  ADD PRIMARY KEY (`ilce_id`);

--
-- Tablo için indeksler `i̇l_ilce`
--
ALTER TABLE `i̇l_ilce`
  ADD PRIMARY KEY (`id`);

--
-- Tablo için indeksler `kullanici`
--
ALTER TABLE `kullanici`
  ADD PRIMARY KEY (`kullanici_id`);

--
-- Tablo için indeksler `menu`
--
ALTER TABLE `menu`
  ADD PRIMARY KEY (`menu_id`);

--
-- Dökümü yapılmış tablolar için AUTO_INCREMENT değeri
--

--
-- Tablo için AUTO_INCREMENT değeri `etkinlik`
--
ALTER TABLE `etkinlik`
  MODIFY `etkinlik_id` int(11) NOT NULL AUTO_INCREMENT, AUTO_INCREMENT=178;

--
-- Tablo için AUTO_INCREMENT değeri `i̇l_ilce`
--
ALTER TABLE `i̇l_ilce`
  MODIFY `id` int(11) NOT NULL AUTO_INCREMENT, AUTO_INCREMENT=976;

--
-- Tablo için AUTO_INCREMENT değeri `kullanici`
--
ALTER TABLE `kullanici`
  MODIFY `kullanici_id` int(11) NOT NULL AUTO_INCREMENT, AUTO_INCREMENT=180;

--
-- Tablo için AUTO_INCREMENT değeri `menu`
--
ALTER TABLE `menu`
  MODIFY `menu_id` int(11) NOT NULL AUTO_INCREMENT, AUTO_INCREMENT=12;
COMMIT;

/*!40101 SET CHARACTER_SET_CLIENT=@OLD_CHARACTER_SET_CLIENT */;
/*!40101 SET CHARACTER_SET_RESULTS=@OLD_CHARACTER_SET_RESULTS */;
/*!40101 SET COLLATION_CONNECTION=@OLD_COLLATION_CONNECTION */;
